cm-1,A
4000.0,0.00424737398698119
3999.0,0.004333073167366698
3998.0,0.004399817036225984
3997.0,0.004426580786027579
3996.0,0.004410573671484657
3995.0,0.0043679759112128565
3994.0,0.004318268119263122
3993.0,0.004274871823426028
3992.0,0.004246746299020578
3991.0,0.0042449008786097035
3990.0,0.0042787513805713304
3989.0,0.004347618456435252
3988.0,0.004441503929088099
3987.0,0.0045423347409084425
3986.0,0.004630673731678749
3985.0,0.004693490966848438
3984.0,0.004725004400561717
3983.0,0.004728057514334343
3982.0,0.004711622017355276
3981.0,0.004685522581082516
3980.0,0.004658175134561099
3979.0,0.004639525558198252
3978.0,0.004640821863387722
3977.0,0.004665647679163384
3976.0,0.00470453010935503
3975.0,0.004733805637050132
3974.0,0.004733874822193522
3973.0,0.00471019630347751
3972.0,0.004691103088982886
3971.0,0.004699546119947853
3970.0,0.004729943821186631
3969.0,0.004764760036669926
3968.0,0.004796570385639527
3967.0,0.0048376845673212855
3966.0,0.004904696017261293
3965.0,0.004998469150157619
3964.0,0.0050975703771964035
3963.0,0.005162905869816832
3962.0,0.005157284932481278
3961.0,0.005076665213419275
3960.0,0.004961914230160149
3959.0,0.004869125931839701
3958.0,0.004825249571459854
3957.0,0.004836393471066729
3956.0,0.0049036769420941016
3955.0,0.005003827119985878
3954.0,0.005071801353012068
3953.0,0.005033066919194411
3952.0,0.004860814936722019
3951.0,0.004611519482557841
3950.0,0.004399120953261591
3949.0,0.004308521065846407
3948.0,0.004319718407467902
3947.0,0.004367522969884654
3946.0,0.004449346415415327
3945.0,0.004566988839541363
3944.0,0.004674186018103665
3943.0,0.00472153605332595
3942.0,0.004690209663201215
3941.0,0.004655823148550259
3940.0,0.004754126441827643
3939.0,0.004986392482547617
3938.0,0.0051877481661866745
3937.0,0.005229245453358639
3936.0,0.005128982960366683
3935.0,0.004973364159106482
3934.0,0.00481526905406535
3933.0,0.004694857610867466
3932.0,0.004668459882150982
3931.0,0.004732193588717492
3930.0,0.0048371295213853645
3929.0,0.004950065369717125
3928.0,0.005030225649320992
3927.0,0.005045505963911444
3926.0,0.004991093441623729
3925.0,0.00490094168389426
3924.0,0.0047988425782779925
3923.0,0.004705669092369542
3922.0,0.004684557920704539
3921.0,0.004693314921971571
3920.0,0.004646981901986232
3919.0,0.0046379939315773465
3918.0,0.0047894212230160296
3917.0,0.0050211664685047615
3916.0,0.005157673303029372
3915.0,0.005220048938487086
3914.0,0.005381099241423009
3913.0,0.005662755235912477
3912.0,0.005919431804956254
3911.0,0.006046928352384264
3910.0,0.006012748021261137
3909.0,0.005828804860115236
3908.0,0.0054897206882062
3907.0,0.005022727780910416
3906.0,0.004528326613758923
3905.0,0.004182198796536581
3904.0,0.004044686295539213
3903.0,0.003964802549839184
3902.0,0.003914221271816844
3901.0,0.00403391738715372
3900.0,0.004279524271951185
3899.0,0.004459615933251827
3898.0,0.00457500140820836
3897.0,0.004806579888313362
3896.0,0.005154186756477453
3895.0,0.005381002944885728
3894.0,0.005397764092380559
3893.0,0.005452942371096493
3892.0,0.005725514583264084
3891.0,0.005834562507043227
3890.0,0.005456140217674476
3889.0,0.00512817338702443
3888.0,0.005279857927053502
3887.0,0.005609788948397875
3886.0,0.0057233039060145575
3885.0,0.005424401647437313
3884.0,0.004816010378080356
3883.0,0.004466889023299142
3882.0,0.004596297391120701
3881.0,0.004894294926765163
3880.0,0.00500863699302089
3879.0,0.004806774742848685
3878.0,0.00470080805744566
3877.0,0.004997027208542469
3876.0,0.005306164032963403
3875.0,0.005214193819529596
3874.0,0.0047256603857422
3873.0,0.004112720248896433
3872.0,0.0037866783505786797
3871.0,0.00396154453067081
3870.0,0.004334410586062175
3869.0,0.004319967019822981
3868.0,0.004027420614331623
3867.0,0.004148216504203502
3866.0,0.00454877918874911
3865.0,0.0047496761991516825
3864.0,0.004851746557749984
3863.0,0.004976108702941285
3862.0,0.005084729639091651
3861.0,0.00520861858575666
3860.0,0.005289592382769694
3859.0,0.005261012175845861
3858.0,0.005068539072252864
3857.0,0.004697787465111445
3856.0,0.004197263348413
3855.0,0.0038353232739295707
3854.0,0.004271824038545508
3853.0,0.0049947597273177265
3852.0,0.0044414317886139485
3851.0,0.0038487645086186396
3850.0,0.004484598772690779
3849.0,0.0054168856413195875
3848.0,0.005876552752732012
3847.0,0.005931242780212571
3846.0,0.005791839724825741
3845.0,0.005528614157535517
3844.0,0.005168433189203771
3843.0,0.00469672529351711
3842.0,0.0041390363358626055
3841.0,0.0037020931225281778
3840.0,0.003625290204319228
3839.0,0.003959888481788623
3838.0,0.004360442101037177
3837.0,0.004459725146933308
3836.0,0.004395558687404144
3835.0,0.004544941947294562
3834.0,0.004969870224800664
3833.0,0.005461342671176388
3832.0,0.005781622538648079
3831.0,0.005818885168277783
3830.0,0.005685439077635818
3829.0,0.005596292946028562
3828.0,0.005605250485638355
3827.0,0.005554536325730119
3826.0,0.005261132611073716
3825.0,0.004804460485245614
3824.0,0.004499345953152002
3823.0,0.0044812672737292005
3822.0,0.0047663961542050185
3821.0,0.005197888751846461
3820.0,0.004999136259297482
3819.0,0.004528208850290542
3818.0,0.004847123333561929
3817.0,0.005686939869675726
3816.0,0.006253068646847574
3815.0,0.006153969639315563
3814.0,0.0058526255386960845
3813.0,0.00604646879974631
3812.0,0.006459991225513061
3811.0,0.006476994446895201
3810.0,0.006138465526603394
3809.0,0.005849436680343451
3808.0,0.005843603664170822
3807.0,0.0059334731259436686
3806.0,0.005694880140835608
3805.0,0.0052844743935721115
3804.0,0.005199808556902498
3803.0,0.005329801330365053
3802.0,0.005497858237587697
3801.0,0.0054584813011178315
3800.0,0.004891556857696627
3799.0,0.004574272157072097
3798.0,0.004990105909775224
3797.0,0.0055714613436399045
3796.0,0.005865086648198304
3795.0,0.005884265454847467
3794.0,0.0059419164293970615
3793.0,0.006192072352470955
3792.0,0.0064708848644723736
3791.0,0.006646409128614467
3790.0,0.0067439002722625915
3789.0,0.006756090957500748
3788.0,0.006636220428375625
3787.0,0.006424070927174754
3786.0,0.006246487410466541
3785.0,0.006148156781870372
3784.0,0.00603830812505431
3783.0,0.005882963614819551
3782.0,0.005778920292135014
3781.0,0.005757347214739823
3780.0,0.005804874550699172
3779.0,0.005902212689251649
3778.0,0.005976716148128041
3777.0,0.006126848345653727
3776.0,0.006421398616166
3775.0,0.006625456752020718
3774.0,0.0065336733490894815
3773.0,0.006256743667617942
3772.0,0.00603435019521386
3771.0,0.005977967792332357
3770.0,0.005993051104477225
3769.0,0.0058919604541594044
3768.0,0.005731504147399253
3767.0,0.00574823411700124
3766.0,0.0059003712973202515
3765.0,0.005958677017355264
3764.0,0.005855148312342469
3763.0,0.00576985428575006
3762.0,0.005771931844481064
3761.0,0.005669653059335852
3760.0,0.005483510232444722
3759.0,0.005428012840885895
3758.0,0.0054048480344219794
3757.0,0.005204310847366198
3756.0,0.004878644558871498
3755.0,0.004535960322190783
3754.0,0.004104441567273638
3753.0,0.003534843515873954
3752.0,0.0033376472434580237
3751.0,0.004073293994511014
3750.0,0.004836479993512818
3749.0,0.004732330385101555
3748.0,0.004456741842255654
3747.0,0.0047619880470343235
3746.0,0.005573510274762859
3745.0,0.006481435905567549
3744.0,0.006629558481694414
3743.0,0.005652873068918259
3742.0,0.004958249390055145
3741.0,0.005180489889292335
3740.0,0.005332229177439744
3739.0,0.00497208297440965
3738.0,0.004436567513651924
3737.0,0.004058207481325949
3736.0,0.0039390282827282954
3735.0,0.003902996623003186
3734.0,0.003773428374482861
3733.0,0.0038772012398680137
3732.0,0.004380749873472931
3731.0,0.00497194680997844
3730.0,0.005485704141555768
3729.0,0.005906143835202524
3728.0,0.006079674049393023
3727.0,0.005912609177443684
3726.0,0.00559137313849745
3725.0,0.005399010029544687
3724.0,0.00547707520993772
3723.0,0.005683284132731489
3722.0,0.0057798909422781385
3721.0,0.0057187601122129575
3720.0,0.005666114465659887
3719.0,0.005774802440747528
3718.0,0.005973488416368449
3717.0,0.0060937241349757094
3716.0,0.006094452755041084
3715.0,0.006024217977596653
3714.0,0.005865606887922242
3713.0,0.005695932910846817
3712.0,0.00587271114925127
3711.0,0.006355221119756451
3710.0,0.006586195286473135
3709.0,0.006647298008840955
3708.0,0.006911655280897959
3707.0,0.007321324230521601
3706.0,0.007666744650472445
3705.0,0.007885446386320766
3704.0,0.008028789893459025
3703.0,0.008168643348452354
3702.0,0.008335288126196286
3701.0,0.008420684400023972
3700.0,0.008405571055055077
3699.0,0.008513851465995093
3698.0,0.00880850740978454
3697.0,0.009053862751343667
3696.0,0.009079581894030478
3695.0,0.008947792757248793
3694.0,0.008744090731540336
3693.0,0.00840157382661352
3692.0,0.007902264443349809
3691.0,0.007589454433058897
3690.0,0.007903050653125188
3689.0,0.008526527131705269
3688.0,0.008712927319413439
3687.0,0.00864613222068996
3686.0,0.008939445862506553
3685.0,0.009530055089503546
3684.0,0.009951167400062286
3683.0,0.010027861964646155
3682.0,0.009935143251625301
3681.0,0.00982358525751833
3680.0,0.009585230659626555
3679.0,0.009089890621225302
3678.0,0.00853831444516841
3677.0,0.008380391417314944
3676.0,0.009031489596151292
3675.0,0.009660235371328785
3674.0,0.00934668429215771
3673.0,0.009268211059744983
3672.0,0.01001634401963041
3671.0,0.010937017652461547
3670.0,0.01186122191922535
3669.0,0.012373475761003531
3668.0,0.012394386456365808
3667.0,0.01270949256331276
3666.0,0.013375685984181526
3665.0,0.013933257282201888
3664.0,0.014264802063735656
3663.0,0.014496796093866351
3662.0,0.014703859600479093
3661.0,0.014845356465818374
3660.0,0.014908198987370072
3659.0,0.01499471340011339
3658.0,0.015256737751012633
3657.0,0.015725207315294292
3656.0,0.016114014299203977
3655.0,0.016080897030361405
3654.0,0.01584616500887661
3653.0,0.015618718611610762
3652.0,0.015120145753368144
3651.0,0.014420485342065824
3650.0,0.014626499607711011
3649.0,0.015865035838888233
3648.0,0.016486303680203884
3647.0,0.01645550149119926
3646.0,0.01680957568729578
3645.0,0.017701441913581945
3644.0,0.01881078915725408
3643.0,0.019829289431809612
3642.0,0.020636788541066403
3641.0,0.021244303987747157
3640.0,0.021722624482886678
3639.0,0.022129889183850834
3638.0,0.02244521088318192
3637.0,0.02267023504295995
3636.0,0.022895762231308108
3635.0,0.023130609946897165
3634.0,0.02323994210713808
3633.0,0.023111598150130096
3632.0,0.022881748093693758
3631.0,0.02279037712380415
3630.0,0.023282680511466654
3629.0,0.024675425133084232
3628.0,0.025711105686718118
3627.0,0.025775049935796986
3626.0,0.026129641189240695
3625.0,0.026898754466226617
3624.0,0.027344825470049395
3623.0,0.027312317506700372
3622.0,0.0270978861601847
3621.0,0.027067384716900428
3620.0,0.027450481928590897
3619.0,0.028037474829335482
3618.0,0.028259487748431428
3617.0,0.028157274652428115
3616.0,0.028225498692095206
3615.0,0.028627616886046175
3614.0,0.029276934129014935
3613.0,0.029971841535929036
3612.0,0.03048803934077538
3611.0,0.030870087001161006
3610.0,0.03134626999360753
3609.0,0.0320354697298111
3608.0,0.03282200377094077
3607.0,0.033383661493069046
3606.0,0.033648011357814304
3605.0,0.033848539062537424
3604.0,0.034077446012304474
3603.0,0.03431064192450939
3602.0,0.03459690104364188
3601.0,0.03496404525097572
3600.0,0.03530925975330722
3599.0,0.03554167895356315
3598.0,0.03571901619105574
3597.0,0.03595753890183506
3596.0,0.03635536418240674
3595.0,0.03690095009348897
3594.0,0.03740931384824235
3593.0,0.037683692764605425
3592.0,0.037723604137044564
3591.0,0.03759700457730798
3590.0,0.03738338112295016
3589.0,0.03741008014513436
3588.0,0.03820011460576045
3587.0,0.03942928264925947
3586.0,0.04018392476255228
3585.0,0.040568188713431
3584.0,0.04108326559094608
3583.0,0.04169603997993931
3582.0,0.04222208440007419
3581.0,0.042617247483978486
3580.0,0.04294293731539438
3579.0,0.04326672209335375
3578.0,0.04363801828315431
3577.0,0.044067317255742755
3576.0,0.04453941866802798
3575.0,0.045014702800662686
3574.0,0.04542731034478334
3573.0,0.045683942624842204
3572.0,0.04569687136062156
3571.0,0.04542282690549942
3570.0,0.04492601227738474
3569.0,0.0444838236206549
3568.0,0.04466694805333213
3567.0,0.045662560147016494
3566.0,0.04663316039839549
3565.0,0.04709938927469668
3564.0,0.047534768941184746
3563.0,0.048202981755179106
3562.0,0.04897567566002198
3561.0,0.04972285012393942
3560.0,0.05037898028882428
3559.0,0.05091744623453856
3558.0,0.05135680214165332
3557.0,0.05172178321725165
3556.0,0.052009435042431516
3555.0,0.05226401239355858
3554.0,0.05261892511793535
3553.0,0.05316787099216138
3552.0,0.05375036246365927
3551.0,0.05408838103320584
3550.0,0.05412325840565344
3549.0,0.05400945666903078
3548.0,0.053955279551879454
3547.0,0.05419485124915634
3546.0,0.05484182066227484
3545.0,0.055712888443069576
3544.0,0.05653156164542753
3543.0,0.05720414552863726
3542.0,0.05774907294409982
3541.0,0.05817226738515205
3540.0,0.058481636017074484
3539.0,0.058750660739079745
3538.0,0.05912270868970858
3537.0,0.05969772195231105
3536.0,0.06037671335962562
3535.0,0.060929139733960344
3534.0,0.06124500735898049
3533.0,0.06140458784996994
3532.0,0.06153799891826381
3531.0,0.06171268198906142
3530.0,0.06194883982537662
3529.0,0.06225753131455969
3528.0,0.06262889580852615
3527.0,0.06301223809491409
3526.0,0.0633824348995519
3525.0,0.0638114835733698
3524.0,0.0643977012231261
3523.0,0.06509056557351073
3522.0,0.06569304155297094
3521.0,0.06610053354528729
3520.0,0.06640763546564767
3519.0,0.06676463680043658
3518.0,0.06722652488649061
3517.0,0.06774396401480642
3516.0,0.06825006989102889
3515.0,0.06870260916598686
3514.0,0.06906217236233371
3513.0,0.0693056040231447
3512.0,0.06949857524153831
3511.0,0.06979365270988555
3510.0,0.07028127680257668
3509.0,0.07083359063314008
3508.0,0.0712161452375207
3507.0,0.07136562177222697
3506.0,0.07144980634582916
3505.0,0.07172321152989213
3504.0,0.07235820507699306
3503.0,0.07324017636684747
3502.0,0.0740169290394304
3501.0,0.07449542064138459
3500.0,0.07477930258736679
3499.0,0.07504894996769307
3498.0,0.07541819308482976
3497.0,0.07591142818665618
3496.0,0.07647211849211143
3495.0,0.07700850359062139
3494.0,0.07747052570218133
3493.0,0.07788086900971153
3492.0,0.07827888958082876
3491.0,0.07867409377129803
3490.0,0.07907679411698246
3489.0,0.07952861244268032
3488.0,0.08004840627170104
3487.0,0.08056057496581036
3486.0,0.08094429182843502
3485.0,0.08117356808515515
3484.0,0.08137546500870627
3483.0,0.08174070683057572
3482.0,0.08235729160222753
3481.0,0.08311298991500729
3480.0,0.08379895289184866
3479.0,0.08429981205124545
3478.0,0.08465130396080793
3477.0,0.08496917995398172
3476.0,0.08536475937030787
3475.0,0.0858718177270842
3474.0,0.08643054452969513
3473.0,0.0869667702497266
3472.0,0.08745769672712118
3471.0,0.0879040220913801
3470.0,0.08829392528533085
3469.0,0.0886220771184019
3468.0,0.08890790179653399
3467.0,0.08917237943358203
3466.0,0.08942360869237341
3465.0,0.0896952932500688
3464.0,0.0900679959986903
3463.0,0.0906035366495468
3462.0,0.09125663822042233
3461.0,0.09189459946376921
3460.0,0.09242483526938203
3459.0,0.09287174278855606
3458.0,0.09331868935166525
3457.0,0.09381156934350286
3456.0,0.0943315272483572
3455.0,0.09484076271735786
3454.0,0.09532273406314178
3453.0,0.09576061200211283
3452.0,0.09609984062601853
3451.0,0.09628003026984955
3450.0,0.09633832268094311
3449.0,0.0964523465291009
3448.0,0.09682466532355313
3447.0,0.09744742527847883
3446.0,0.09807245211964684
3445.0,0.09853067184016526
3444.0,0.0989170411582354
3443.0,0.09939768823051631
3442.0,0.09997319961055025
3441.0,0.10047964132264713
3440.0,0.10081096251001033
3439.0,0.10104991030036015
3438.0,0.10134160682866342
3437.0,0.10173370909097507
3436.0,0.10217182934996773
3435.0,0.10260009731793292
3434.0,0.1030127622540062
3433.0,0.10341862224704196
3432.0,0.10381682788567193
3431.0,0.10420793871027727
3430.0,0.10459046077710585
3429.0,0.10494777349594742
3428.0,0.10527813145266407
3427.0,0.1056165370940867
3426.0,0.10598444241618482
3425.0,0.10633693319341408
3424.0,0.10661474987251197
3423.0,0.10685321639638701
3422.0,0.10718414256415418
3421.0,0.10768907259262205
3420.0,0.10828287912330872
3419.0,0.10879960046087009
3418.0,0.109160931527965
3417.0,0.1094182762954519
3416.0,0.10967205061645234
3415.0,0.10997958697412938
3414.0,0.11032316668659392
3413.0,0.11065102099630128
3412.0,0.11094466002333093
3411.0,0.11123264931007432
3410.0,0.11153483780474868
3409.0,0.11182032633355946
3408.0,0.112045478259342
3407.0,0.11221730244982712
3406.0,0.11239286163936761
3405.0,0.11263094504021479
3404.0,0.11295495225079193
3403.0,0.11333415771533718
3402.0,0.1136838001582371
3401.0,0.11392662433908365
3400.0,0.11408765146492979
3399.0,0.11428851260768073
3398.0,0.11460297152149806
3397.0,0.1149433653712211
3396.0,0.11516189968749319
3395.0,0.11525629402474911
3394.0,0.11539470610221395
3393.0,0.11571736285937775
3392.0,0.11617027365904381
3391.0,0.11657938620893948
3390.0,0.11684558516398613
3389.0,0.11700476943700516
3388.0,0.11714310673192269
3387.0,0.11732137768118485
3386.0,0.11756294535862663
3385.0,0.11786320178420895
3384.0,0.11818943051288622
3383.0,0.11849516266989017
3382.0,0.11875495624697896
3381.0,0.11897965897080374
3380.0,0.11919553547477309
3379.0,0.11941180712556712
3378.0,0.11961254962885073
3377.0,0.11977352137086503
3376.0,0.11988178613437533
3375.0,0.11994577855890998
3374.0,0.12000075856617132
3373.0,0.12009827729207224
3372.0,0.12026532908547892
3371.0,0.12046425300993921
3370.0,0.1206128627338128
3369.0,0.12066841082169776
3368.0,0.12068311531073667
3367.0,0.12075044869133623
3366.0,0.12089427123307059
3365.0,0.1210403084930568
3364.0,0.12110882011928183
3363.0,0.12110832915940903
3362.0,0.12111860591297734
3361.0,0.12119838039992407
3360.0,0.12133640342568401
3359.0,0.12149211836406845
3358.0,0.12165284644084927
3357.0,0.12183233711826472
3356.0,0.12202903491732067
3355.0,0.12220744484550329
3354.0,0.12232741819896406
3353.0,0.12238579265220441
3352.0,0.1224241634396049
3351.0,0.12249381938335553
3350.0,0.12260813745017515
3349.0,0.12272774054728341
3348.0,0.12279415372473357
3347.0,0.12277979950841644
3346.0,0.12270470135265739
3345.0,0.12261266091871932
3344.0,0.12253891150251986
3343.0,0.12249438009064585
3342.0,0.12246249176127788
3341.0,0.12240203009104696
3340.0,0.12227079791919197
3339.0,0.12207067172355063
3338.0,0.12187396737989885
3337.0,0.12177978537641211
3336.0,0.12181869021964958
3335.0,0.1219090146059916
3334.0,0.12192727793057702
3333.0,0.12181425448386213
3332.0,0.1216018492599234
3331.0,0.12135521252177225
3330.0,0.1211128929128177
3329.0,0.12088109808443241
3328.0,0.12066140240746528
3327.0,0.12046917644556268
3326.0,0.12033118685586326
3325.0,0.120271752039032
3324.0,0.12028905660005287
3323.0,0.12033375307665765
3322.0,0.12032577297666101
3321.0,0.1202131084812751
3320.0,0.12001124251253997
3319.0,0.11977446583181856
3318.0,0.11954188797755019
3317.0,0.1193286566589592
3316.0,0.11915318160745399
3315.0,0.11903022543693328
3314.0,0.1189246317822261
3313.0,0.11874924893141571
3312.0,0.11844998146404642
3311.0,0.11808631153511559
3310.0,0.11779044611228327
3309.0,0.11763109509473375
3308.0,0.11754045841038714
3307.0,0.11740479661953859
3306.0,0.11720960855618699
3305.0,0.11705116631599335
3304.0,0.11700111030756372
3303.0,0.116995797828704
3302.0,0.11689356241753045
3301.0,0.1166359180354053
3300.0,0.11630967097000117
3299.0,0.11603713723660221
3298.0,0.11584103666200592
3297.0,0.1156477490797301
3296.0,0.11540696734231397
3295.0,0.11516540276451302
3294.0,0.1150152564477204
3293.0,0.11499497487277335
3292.0,0.11504713962966591
3291.0,0.1150618228562824
3290.0,0.11496045902865612
3289.0,0.11474921754356016
3288.0,0.11450235114318134
3287.0,0.11429369092646059
3286.0,0.11413950477337922
3285.0,0.11400471926007734
3284.0,0.11385435430292494
3283.0,0.11368261663386163
3282.0,0.1134970650373492
3281.0,0.11330091111610022
3280.0,0.11309827703003017
3279.0,0.11289777867269682
3278.0,0.11269990706244659
3277.0,0.11249457743596465
3276.0,0.11228289372003009
3275.0,0.11209004010722173
3274.0,0.1119385118054176
3273.0,0.11181183798700155
3272.0,0.11166292964284909
3271.0,0.11146522477726466
3270.0,0.11124864423325656
3269.0,0.11107646752391713
3268.0,0.1109816087374068
3267.0,0.1109261521995536
3266.0,0.1108318450079383
3265.0,0.11065563699919678
3264.0,0.11042853439532699
3263.0,0.11021119589948686
3262.0,0.11002655060999142
3261.0,0.10985317142765263
3260.0,0.10966787656039273
3259.0,0.10946995022081088
3258.0,0.10927201360273375
3257.0,0.109095011058846
3256.0,0.10896742582468481
3255.0,0.10889627213563986
3254.0,0.10882713765046571
3253.0,0.10866856734273472
3252.0,0.1083819263071912
3251.0,0.10802333761519077
3250.0,0.10767907099517487
3249.0,0.1073848347215912
3248.0,0.10713520128879724
3247.0,0.10695005996571347
3246.0,0.10687600488527475
3245.0,0.1068986360978168
3244.0,0.10690092161056172
3243.0,0.10676273579094508
3242.0,0.10648379481099612
3241.0,0.10616833994994775
3240.0,0.1058996666014426
3239.0,0.10566288829625621
3238.0,0.10539882720600256
3237.0,0.10510015819489829
3236.0,0.10481875950714287
3235.0,0.1045926071066611
3234.0,0.10440175113986554
3233.0,0.10420244307857039
3232.0,0.1039797845138156
3231.0,0.10375430358859176
3230.0,0.10354982288432439
3229.0,0.10336199491014417
3228.0,0.1031505456888206
3227.0,0.10286370924198263
3226.0,0.10248370631135585
3225.0,0.10204890107761427
3224.0,0.10162356105038
3223.0,0.10125103724443558
3222.0,0.10094616465609299
3221.0,0.10071419006568125
3220.0,0.10053837339665378
3219.0,0.1003489898796412
3218.0,0.10005754875732512
3217.0,0.09964619470254295
3216.0,0.09918874749979807
3215.0,0.09876498823677268
3214.0,0.0983786864235452
3213.0,0.0979847628858496
3212.0,0.0975747693235385
3211.0,0.09719242106786029
3210.0,0.09687331360999465
3209.0,0.09660739780817931
3208.0,0.09636263931347462
3207.0,0.09611430034962239
3206.0,0.0958402099355126
3205.0,0.09551400435921664
3204.0,0.0951221601489108
3203.0,0.09467514736341028
3202.0,0.09419579981221902
3201.0,0.09371332923376985
3200.0,0.09327314924525316
3199.0,0.09292680137907211
3198.0,0.09268553135303571
3197.0,0.09248996122011353
3196.0,0.0922506085160379
3195.0,0.09192396406776226
3194.0,0.09153585265813222
3193.0,0.09113553445504088
3192.0,0.0907414649504626
3191.0,0.09033267961526033
3190.0,0.0898843984568618
3189.0,0.08940228778293116
3188.0,0.08891912224178718
3187.0,0.08846220026269788
3186.0,0.08803299361012766
3185.0,0.08761761201755994
3184.0,0.08720445603782052
3183.0,0.08678569637871249
3182.0,0.08635196060956221
3181.0,0.08590115815376106
3180.0,0.08545312304549381
3179.0,0.08504009631365768
3178.0,0.08466896390928269
3177.0,0.08430210709221081
3176.0,0.0838922513786072
3175.0,0.0834314133222507
3174.0,0.08295290486903875
3173.0,0.08249309786877043
3172.0,0.08206515536035293
3171.0,0.08166685790060613
3170.0,0.08129364843052307
3169.0,0.08093008452555159
3168.0,0.08054286467022759
3167.0,0.08010512981692035
3166.0,0.07962964542508268
3165.0,0.07916315949859794
3164.0,0.07874458049355346
3163.0,0.0783761552288996
3162.0,0.07803118990802808
3161.0,0.07767680479355464
3160.0,0.0772915465953412
3159.0,0.07687696137730948
3158.0,0.07645408090368064
3157.0,0.0760392117745474
3156.0,0.07562692815721159
3155.0,0.07520936321193343
3154.0,0.07480152794906764
3153.0,0.07442273237927137
3152.0,0.07405829387109404
3151.0,0.07367017968845584
3150.0,0.07324944594058262
3149.0,0.07282727889592155
3148.0,0.0724253139268625
3147.0,0.07203000360139475
3146.0,0.0716355572914615
3145.0,0.07127648344451526
3144.0,0.07097842891692105
3143.0,0.07069775200237323
3142.0,0.07035644256679123
3141.0,0.06993742011174638
3140.0,0.06950865354353153
3139.0,0.06914273426534442
3138.0,0.06884058258282365
3137.0,0.06855000922945353
3136.0,0.06823295785995251
3135.0,0.06789059600844358
3134.0,0.06753747218674341
3133.0,0.06717538654054
3132.0,0.06679833407580377
3131.0,0.06641506585423128
3130.0,0.06605505073966332
3129.0,0.06574389875633783
3128.0,0.06547125928231613
3127.0,0.06519135575942293
3126.0,0.0648665218790791
3125.0,0.0645024905138362
3124.0,0.06413199577306009
3123.0,0.06377474934648501
3122.0,0.06342367171340405
3121.0,0.06306540827856662
3120.0,0.06270223233607078
3119.0,0.06235239028869212
3118.0,0.06203937189775671
3117.0,0.06177869543992043
3116.0,0.06156003751521284
3115.0,0.061341663104276176
3114.0,0.061076274320681134
3113.0,0.06075131958436346
3112.0,0.060401312699715146
3111.0,0.06007805365988499
3110.0,0.05980802175585366
3109.0,0.05957365746145635
3108.0,0.0593337838939467
3107.0,0.05906246572549344
3106.0,0.05876512007749834
3105.0,0.05845652859177171
3104.0,0.058139594126002746
3103.0,0.057816655664443
3102.0,0.0575046559367977
3101.0,0.05721881761100041
3100.0,0.056947796630132566
3099.0,0.05666571968109246
3098.0,0.05636765083178861
3097.0,0.056075340776743705
3096.0,0.05580775358564689
3095.0,0.055559533676011116
3094.0,0.05531050943375472
3093.0,0.055042274174274895
3092.0,0.05473987717632649
3091.0,0.05439999745585443
3090.0,0.05404970366879149
3089.0,0.05373648956546454
3088.0,0.05348374764291841
3087.0,0.05326459156818794
3086.0,0.053032656760537686
3085.0,0.0527686504547368
3084.0,0.05248240436996383
3083.0,0.05218348902639006
3082.0,0.05187056718506176
3081.0,0.051547622607549255
3080.0,0.05123259210388646
3079.0,0.050941558521430265
3078.0,0.050673257114972295
3077.0,0.05041441941551059
3076.0,0.050153726994222755
3075.0,0.04989003431530101
3074.0,0.049631097858891575
3073.0,0.04938190078922393
3072.0,0.0491333140580018
3071.0,0.04886609741633739
3070.0,0.048567960250996585
3069.0,0.04824490633575768
3068.0,0.047917629645957034
3067.0,0.047612084856736
3066.0,0.04734842184997371
3065.0,0.047125907563793944
3064.0,0.04691608913320134
3063.0,0.04668045610966004
3062.0,0.046399252878645166
3061.0,0.046078035571396565
3060.0,0.045732713018063705
3059.0,0.04538234761834165
3058.0,0.04505639946274603
3057.0,0.04478908501213574
3056.0,0.04458746142343067
3055.0,0.044413443545334
3054.0,0.04421130211732028
3053.0,0.043948602961222355
3052.0,0.04362803702172963
3051.0,0.043275145365665645
3050.0,0.04292124432727287
3049.0,0.042582833878590215
3048.0,0.04224658595466454
3047.0,0.04188769072929455
3046.0,0.04151180226980248
3045.0,0.04116231953247397
3044.0,0.04087321826216455
3043.0,0.04062467457762268
3042.0,0.040368195298948834
3041.0,0.040084069788491564
3040.0,0.039789454715632805
3039.0,0.03949896579848374
3038.0,0.039207326286898644
3037.0,0.03891210488884667
3036.0,0.03862246819269083
3035.0,0.038339248007065764
3034.0,0.03805406234241154
3033.0,0.03778238610265546
3032.0,0.03756635507561875
3031.0,0.03742259451509291
3030.0,0.03730763566367207
3029.0,0.03716047499768253
3028.0,0.03696135903679613
3027.0,0.036730302337009635
3026.0,0.036491421466855654
3025.0,0.03625627171040007
3024.0,0.03603320191566252
3023.0,0.035828582433482956
3022.0,0.035635315389416666
3021.0,0.03543677418862777
3020.0,0.03522675893612284
3019.0,0.03501474374645022
3018.0,0.034810144723942005
3017.0,0.0346145118610776
3016.0,0.03442997839860802
3015.0,0.03426004447465371
3014.0,0.03409862505713221
3013.0,0.03393627890572948
3012.0,0.03378508127578204
3011.0,0.033675600725483236
3010.0,0.03361561633149814
3009.0,0.03356795159297466
3008.0,0.03348874348630195
3007.0,0.03337662610377954
3006.0,0.033263028937422875
3005.0,0.03316163225356549
3004.0,0.03305005070967004
3003.0,0.032908070666085455
3002.0,0.032747360282322995
3001.0,0.03259162022545349
3000.0,0.03244968323765318
2999.0,0.03232279717808931
2998.0,0.03222120144286025
2997.0,0.03215179860989975
2996.0,0.03209704424610743
2995.0,0.03202684281152431
2994.0,0.031932024925960104
2993.0,0.031831914664721024
2992.0,0.03174952510842143
2991.0,0.03169409564537562
2990.0,0.03166739015392641
2989.0,0.031667852779827005
2988.0,0.03168263337198868
2987.0,0.03169005699923726
2986.0,0.03168029866235236
2985.0,0.03166528568498464
2984.0,0.03165972831766335
2983.0,0.03166174089493936
2982.0,0.03166259342909417
2981.0,0.03167052629250158
2980.0,0.03171165606894162
2979.0,0.03180369020604107
2978.0,0.031933773201491225
2977.0,0.03206917478790133
2976.0,0.0321921012894246
2975.0,0.032324026152706256
2974.0,0.032511937907887554
2973.0,0.032787144577870714
2972.0,0.03313916750805079
2971.0,0.03352771102515885
2970.0,0.0339137509454331
2969.0,0.034276045843633314
2968.0,0.03461031590580012
2967.0,0.034920261076306455
2966.0,0.035202219482523806
2965.0,0.03542787153839203
2964.0,0.0355496913111274
2963.0,0.03553931554487932
2962.0,0.035416843605936554
2961.0,0.03522933773173941
2960.0,0.034999050789396906
2959.0,0.03470810906430307
2958.0,0.034330150115887
2957.0,0.033861529107594324
2956.0,0.033321629652007606
2955.0,0.03274782190538057
2954.0,0.03219429691186328
2953.0,0.03170741317786415
2952.0,0.03128780476522702
2951.0,0.030892573355637297
2950.0,0.03048919051741939
2949.0,0.030088348234535024
2948.0,0.029716307647853525
2947.0,0.029375072478613526
2946.0,0.029050428793239394
2945.0,0.02874287121640004
2944.0,0.028467057648780922
2943.0,0.028229837863952268
2942.0,0.028027613147494076
2941.0,0.027858435965947538
2940.0,0.027715000715478482
2939.0,0.02757476841495852
2938.0,0.027419841731002346
2937.0,0.027267178218001144
2936.0,0.027155598910688368
2935.0,0.027095605954327424
2934.0,0.02704910623714937
2933.0,0.02696577223335604
2932.0,0.026831176729670034
2931.0,0.026671568796497475
2930.0,0.026523795051328618
2929.0,0.026409296661409332
2928.0,0.026334525821233325
2927.0,0.026302071663700414
2926.0,0.026307659243213096
2925.0,0.026322660702764
2924.0,0.026293051304850688
2923.0,0.02617651871537128
2922.0,0.025982547836580366
2921.0,0.025764397904389662
2920.0,0.025567075982151053
2919.0,0.025397279365912143
2918.0,0.025240834313325463
2917.0,0.025088356988225074
2916.0,0.024931048140972203
2915.0,0.0247525322514744
2914.0,0.02454737012103229
2913.0,0.024338525019442843
2912.0,0.024159310415564156
2911.0,0.02401604130414196
2910.0,0.02388232299083148
2909.0,0.023729515916034245
2908.0,0.02355676275790908
2907.0,0.023392754648720062
2906.0,0.023272737282983517
2905.0,0.023209278892348636
2904.0,0.023175149256717438
2903.0,0.023121212370910426
2902.0,0.023015559403969217
2901.0,0.022866698342892906
2900.0,0.02269712190599275
2899.0,0.02252097443610178
2898.0,0.022348720894151543
2897.0,0.022200445720358165
2896.0,0.022097218754382936
2895.0,0.02203034329291308
2894.0,0.02196380490146864
2893.0,0.021870880429273157
2892.0,0.021762017136169723
2891.0,0.02167031422591087
2890.0,0.02161462812642944
2889.0,0.02158035541542523
2888.0,0.021529548542618803
2887.0,0.021431037432380343
2886.0,0.02128461936988585
2885.0,0.021121203693969803
2884.0,0.020976073197860844
2883.0,0.02086208624047103
2882.0,0.020768050177965135
2881.0,0.020678262852547796
2880.0,0.02058876050140709
2879.0,0.020503874420622497
2878.0,0.02042464042750481
2877.0,0.020341881181854413
2876.0,0.02024099481830441
2875.0,0.020114776407901186
2874.0,0.019974616529738167
2873.0,0.01984781811197728
2872.0,0.019757949025003815
2871.0,0.019706490551950867
2870.0,0.019670065977217616
2869.0,0.019615655343716547
2868.0,0.01952203437735516
2867.0,0.019396884572779206
2866.0,0.019273791597720764
2865.0,0.01918302747928894
2864.0,0.019123256686467183
2863.0,0.019068096943788373
2862.0,0.019005378608573063
2861.0,0.018953408451541292
2860.0,0.01893065981392844
2859.0,0.018924587948591004
2858.0,0.018906095557960006
2857.0,0.018870877587541236
2856.0,0.018845553633874714
2855.0,0.018849488846419904
2854.0,0.01886524879400573
2853.0,0.018849257529571253
2852.0,0.018766750562795764
2851.0,0.0186147488979007
2850.0,0.0184172368570368
2849.0,0.018206794411270016
2848.0,0.01800383243070976
2847.0,0.01780896709473098
2846.0,0.017611565215317933
2845.0,0.01740386033946742
2844.0,0.017188930464222013
2843.0,0.01697775656336525
2842.0,0.0167829936251301
2841.0,0.016613970848643
2840.0,0.016474655044352655
2839.0,0.01636353289279598
2838.0,0.0162735323384497
2837.0,0.016192257721668567
2836.0,0.016105970960499528
2835.0,0.016007880221304987
2834.0,0.015902004480752234
2833.0,0.015796496877694483
2832.0,0.01569574439392048
2831.0,0.015605688913774632
2830.0,0.015541689053860493
2829.0,0.015518145861740659
2828.0,0.015525167816762105
2827.0,0.015526142116545256
2826.0,0.01548769960198769
2825.0,0.01540726348992489
2824.0,0.015308578858681293
2823.0,0.015214800038201977
2822.0,0.015133605027220137
2821.0,0.015062182777015785
2820.0,0.014993157854422338
2819.0,0.01491705882421165
2818.0,0.014828581798712766
2817.0,0.014736504199463995
2816.0,0.014660785814418455
2815.0,0.014610820240946884
2814.0,0.014570312166524022
2813.0,0.014512108382328266
2812.0,0.014430374891327839
2811.0,0.014353337648167843
2810.0,0.014316981929845965
2809.0,0.014326916080775064
2808.0,0.014353446769568358
2807.0,0.014362088600228468
2806.0,0.014340921663090317
2805.0,0.014297704019505824
2804.0,0.014240401924243876
2803.0,0.014171194152747542
2802.0,0.014094137414009913
2801.0,0.014016416672567552
2800.0,0.013941287536917774
2799.0,0.013867108509622203
2798.0,0.013794183478373792
2797.0,0.01372627295799029
2796.0,0.013664428953478943
2795.0,0.013604964287630044
2794.0,0.013545565068207768
2793.0,0.013489185124237654
2792.0,0.013440541421817848
2791.0,0.013401973588832937
2790.0,0.013372943690284153
2789.0,0.013350449445231406
2788.0,0.013329799792393142
2787.0,0.013306666872352936
2786.0,0.013277252713117225
2785.0,0.013236895256168193
2784.0,0.013183894921131385
2783.0,0.013126830812760724
2782.0,0.013079713538827155
2781.0,0.013043063807054455
2780.0,0.012997481023508966
2779.0,0.012926324236055251
2778.0,0.012838820294123386
2777.0,0.012760764028329815
2776.0,0.01270778971023664
2775.0,0.012677217789712128
2774.0,0.012660751118540033
2773.0,0.01264889365504906
2772.0,0.012624396027371884
2771.0,0.012572760315018956
2770.0,0.012505194458113498
2769.0,0.01245452282983443
2768.0,0.012440166630751223
2767.0,0.012447055957308781
2766.0,0.012446017826059383
2765.0,0.012424580128362742
2764.0,0.01238970134678461
2763.0,0.012350497463196223
2762.0,0.012309829940663115
2761.0,0.012268720776029309
2760.0,0.012227907306035788
2759.0,0.01218583390217168
2758.0,0.01214211407409528
2757.0,0.012101804428836458
2756.0,0.012072125937485596
2755.0,0.0120550779681686
2754.0,0.012044695229579431
2753.0,0.012029760750775676
2752.0,0.011999021618175194
2751.0,0.011949448973177115
2750.0,0.011891417266019583
2749.0,0.011841544088585548
2748.0,0.011808169573589227
2747.0,0.011786243741393646
2746.0,0.011767073460691202
2745.0,0.011748175805468684
2744.0,0.011731502775878184
2743.0,0.011716332572549394
2742.0,0.011697398154085633
2741.0,0.011669301557554813
2740.0,0.011632384014423722
2739.0,0.011595366443690192
2738.0,0.01156955482881355
2737.0,0.011556367938003343
2736.0,0.011544742804126198
2735.0,0.011526619231841407
2734.0,0.01150923996365164
2733.0,0.011501808338874282
2732.0,0.011492370906210709
2731.0,0.01145252513515385
2730.0,0.01137070761066247
2729.0,0.011270097318224714
2728.0,0.011186408332550296
2727.0,0.01113586960461001
2726.0,0.011111199414194993
2725.0,0.011100486780809101
2724.0,0.011097522705910298
2723.0,0.011095638690301616
2722.0,0.011083153475929822
2721.0,0.011051736057544519
2720.0,0.011008322825858787
2719.0,0.01097268585028494
2718.0,0.010958443783041123
2717.0,0.010956422896521338
2716.0,0.010941578263885858
2715.0,0.010899307996744155
2714.0,0.010840502133485835
2713.0,0.01078694355399052
2712.0,0.01074964053943654
2711.0,0.010729100473305768
2710.0,0.010729217055378692
2709.0,0.0107538480851403
2708.0,0.010787819632483197
2707.0,0.010797806935774127
2706.0,0.010761690519720727
2705.0,0.010692910157761021
2704.0,0.010628156015801598
2703.0,0.010593199746854408
2702.0,0.010584494752900409
2701.0,0.010580242416262691
2700.0,0.01056506869449073
2699.0,0.01054345499078554
2698.0,0.010531146044241341
2697.0,0.010533940866333039
2696.0,0.010538751765662654
2695.0,0.010528561494128515
2694.0,0.010502615825661263
2693.0,0.010475166117869894
2692.0,0.010456645988061251
2691.0,0.010444017271157211
2690.0,0.010428950746505171
2689.0,0.010407960564982787
2688.0,0.010383171542841466
2687.0,0.01035920943910747
2686.0,0.010339591467443687
2685.0,0.010320306929308144
2684.0,0.010288687031766977
2683.0,0.010237429226228336
2682.0,0.010179416885451011
2681.0,0.010139730938361098
2680.0,0.010130376353082327
2679.0,0.010142085621793178
2678.0,0.010162088059283408
2677.0,0.010188404388104423
2676.0,0.010220815621634616
2675.0,0.010246767748751618
2674.0,0.010247363945946174
2673.0,0.01021591300583687
2672.0,0.010166059949163714
2671.0,0.010122547437240158
2670.0,0.010105346572049994
2669.0,0.010117432034870592
2668.0,0.010142468104364857
2667.0,0.01015690636781769
2666.0,0.010149540679840962
2665.0,0.010131108003997089
2664.0,0.010123819281667255
2663.0,0.010141017400501346
2662.0,0.010175258203752452
2661.0,0.010203954873899796
2660.0,0.010207905812476237
2659.0,0.010186565652992018
2658.0,0.010155115175923629
2657.0,0.010126703075355292
2656.0,0.010101970502540745
2655.0,0.010077896916005857
2654.0,0.010058555952417003
2653.0,0.010048298006074386
2652.0,0.01003917797438929
2651.0,0.010016579648601101
2650.0,0.009977109415383548
2649.0,0.00993108581008629
2648.0,0.009886316694249803
2647.0,0.00983935480044935
2646.0,0.009786204320438746
2645.0,0.0097331666145368
2644.0,0.009691870185293354
2643.0,0.009667455886007764
2642.0,0.009654427458320208
2641.0,0.009640617900071374
2640.0,0.0096147309430936
2639.0,0.009575007110725182
2638.0,0.009531265310565524
2637.0,0.009495561933363456
2636.0,0.00947232295159874
2635.0,0.009460344366809106
2634.0,0.009459182741208825
2633.0,0.009465250438566851
2632.0,0.009465934185490032
2631.0,0.009448551900072624
2630.0,0.009414481063534982
2629.0,0.009375648026573473
2628.0,0.009338026116958262
2627.0,0.009298574642736153
2626.0,0.009257639247186662
2625.0,0.009223104489786756
2624.0,0.009199812324670166
2623.0,0.009183269308648635
2622.0,0.009165200415994298
2621.0,0.009138519147813445
2620.0,0.0090987978852899
2619.0,0.00904971552411915
2618.0,0.00900590226202176
2617.0,0.008979899706791363
2616.0,0.008966693800699189
2615.0,0.008949975214383794
2614.0,0.008921701705995589
2613.0,0.008886331714527853
2612.0,0.008850555842295497
2611.0,0.008822074319740957
2610.0,0.008814282165600497
2609.0,0.008833479219263007
2608.0,0.008860269260851214
2607.0,0.00886115764428715
2606.0,0.008824197920633972
2605.0,0.00877165282121883
2604.0,0.008733934398450776
2603.0,0.00872255703452934
2602.0,0.008729346762262481
2601.0,0.00873666916946626
2600.0,0.00872498477434427
2599.0,0.008685214019947492
2598.0,0.008630951226845608
2597.0,0.008588902871188318
2596.0,0.008572766148707394
2595.0,0.008575470598196288
2594.0,0.008586325260001616
2593.0,0.008599808205828414
2592.0,0.008605874277683
2591.0,0.008590165918185372
2590.0,0.008552514343624374
2589.0,0.008511807329628545
2588.0,0.008482991526355605
2587.0,0.008459630011495358
2586.0,0.008427339428438962
2585.0,0.008384387174779937
2584.0,0.008340733990688435
2583.0,0.008304861311150127
2582.0,0.0082791011753835
2581.0,0.008262190347620432
2580.0,0.008250692993644304
2579.0,0.008242412153941782
2578.0,0.008240640796523627
2577.0,0.008248441378907494
2576.0,0.008257743546617999
2575.0,0.008253020190530213
2574.0,0.008228943044167112
2573.0,0.008197437696466081
2572.0,0.00817417926736788
2571.0,0.008164082855937437
2570.0,0.008161693591446965
2569.0,0.008159353107792009
2568.0,0.008153586239810518
2567.0,0.008148270693500055
2566.0,0.008150211738890915
2565.0,0.008156873981580178
2564.0,0.008152408437317973
2563.0,0.008122518645471834
2562.0,0.008069168544447891
2561.0,0.00800469551887785
2560.0,0.007940585323206753
2559.0,0.007892820865816006
2558.0,0.007886863787917914
2557.0,0.007935820172663147
2556.0,0.008015269414370082
2555.0,0.008079627826484578
2554.0,0.008106672327752477
2553.0,0.008111330513494934
2552.0,0.0081155362360143
2551.0,0.008121760937392664
2550.0,0.0081197607820058
2549.0,0.008103899053307
2548.0,0.00807678968021764
2547.0,0.00804710602801129
2546.0,0.008030055276694476
2545.0,0.008040603266902719
2544.0,0.008079220756689392
2543.0,0.008129272826049251
2542.0,0.008170939121145164
2541.0,0.008192589064682723
2540.0,0.008189560052736154
2539.0,0.008161654951852563
2538.0,0.008116733892384011
2537.0,0.008072904805542142
2536.0,0.0080529181948233
2535.0,0.00807239932067398
2534.0,0.008126914709512848
2533.0,0.00818931304003068
2532.0,0.0082291115039313
2531.0,0.008239813824055753
2530.0,0.008240614400564056
2529.0,0.008250127667942926
2528.0,0.008271339918078343
2527.0,0.00830541963497663
2526.0,0.008359434075594726
2525.0,0.008426477784248718
2524.0,0.008476675234292014
2523.0,0.008488402100211226
2522.0,0.008477466887624652
2521.0,0.008476871732393995
2520.0,0.008496046929765492
2519.0,0.008516947864913037
2518.0,0.008519852457880474
2517.0,0.008493193268737013
2516.0,0.008428450691038446
2515.0,0.008331712248398949
2514.0,0.008238541514291894
2513.0,0.00819293333012994
2512.0,0.008204875845082515
2511.0,0.008242328415336264
2510.0,0.008266695995456846
2509.0,0.008264725957862479
2508.0,0.00824754842879071
2507.0,0.008231248373795417
2506.0,0.008218854893939894
2505.0,0.00819439830855064
2504.0,0.008139599281948068
2503.0,0.008062915090877183
2502.0,0.008001452906147136
2501.0,0.00798345993578651
2500.0,0.00799958833888438
2499.0,0.008021919335000795
2498.0,0.00803595138052173
2497.0,0.008038859827517095
2496.0,0.008024837746464336
2495.0,0.007995317929021058
2494.0,0.007969216859563791
2493.0,0.0079570040294948
2492.0,0.00793573112073309
2491.0,0.007878103847660925
2490.0,0.007798744628877115
2489.0,0.007742232021331431
2488.0,0.007727603411348469
2487.0,0.0077314251157281424
2486.0,0.007724373790492629
2485.0,0.0076981316492293495
2484.0,0.0076561302985226586
2483.0,0.007605604962599686
2482.0,0.007565639354001135
2481.0,0.007560410210929134
2480.0,0.007593887162587775
2479.0,0.007643583279748536
2478.0,0.007682378143806349
2477.0,0.007695867007214563
2476.0,0.007682507002793467
2475.0,0.0076533389992119
2474.0,0.007630126939715128
2473.0,0.007627457611440128
2472.0,0.007635601272303101
2471.0,0.007631920567709621
2470.0,0.007605100076897612
2469.0,0.007558244511112073
2468.0,0.007499521029079722
2467.0,0.007446746616255195
2466.0,0.007430315843878654
2465.0,0.007468156877493096
2464.0,0.007540656640994984
2463.0,0.007608207196488697
2462.0,0.007648373996934254
2461.0,0.007661101112260444
2460.0,0.007650060282275059
2459.0,0.007621262772047154
2458.0,0.007591004642768276
2457.0,0.007571697306556734
2456.0,0.007556468937023086
2455.0,0.007538804402286782
2454.0,0.00753536334401448
2453.0,0.007560965795366529
2452.0,0.007591219152594822
2451.0,0.007585554478882433
2450.0,0.007545810975325367
2449.0,0.007517996175058238
2448.0,0.0075318926666562095
2447.0,0.007568626631934507
2446.0,0.00759278514152789
2445.0,0.007588202607096571
2444.0,0.007556085608343829
2443.0,0.007505609149478254
2442.0,0.0074576072163043804
2441.0,0.007436768183562651
2440.0,0.007449117525202739
2439.0,0.007479697197883373
2438.0,0.007512863825513777
2437.0,0.007538358656317128
2436.0,0.007542115114161996
2435.0,0.007516584698029885
2434.0,0.007482036227068663
2433.0,0.007472824233976591
2432.0,0.007496037627123524
2431.0,0.007523603337931822
2430.0,0.0075289774717289745
2429.0,0.007511418222041629
2428.0,0.007481616115730059
2427.0,0.007446456662576468
2426.0,0.007415652000831488
2425.0,0.007404127567937147
2424.0,0.0074181813636863565
2423.0,0.007451119584352911
2422.0,0.0074950849415279935
2421.0,0.0075436944848304485
2420.0,0.007583628435063319
2419.0,0.007600642175569243
2418.0,0.007596197164244922
2417.0,0.007584657956594765
2416.0,0.007574295123555178
2415.0,0.007564297548089495
2414.0,0.007557872768916146
2413.0,0.007561955647982378
2412.0,0.007574745325938223
2411.0,0.007587989984970107
2410.0,0.0075985069486434725
2409.0,0.007603138154389424
2408.0,0.007590135273231461
2407.0,0.0075560394196786534
2406.0,0.007525209826458622
2405.0,0.007528970035458476
2404.0,0.007566513971248013
2403.0,0.007606559345511193
2402.0,0.007625135158330952
2401.0,0.00762131896948794
2400.0,0.007598959708932804
2399.0,0.007559531433076423
2398.0,0.0075183903437555065
2397.0,0.007504160775929447
2396.0,0.007529890181149938
2395.0,0.007578074486020884
2394.0,0.0076207801349474705
2393.0,0.007644142852537086
2392.0,0.0076522483290798905
2391.0,0.007658581159309955
2390.0,0.007674046533986758
2389.0,0.0076936569301132435
2388.0,0.007698005115290089
2387.0,0.007679492061177804
2386.0,0.00766190652148316
2385.0,0.007679724630822428
2384.0,0.007740412216081207
2383.0,0.007819420789810513
2382.0,0.007886878923708037
2381.0,0.00792272114135243
2380.0,0.007912836968546885
2379.0,0.007858835804564394
2378.0,0.007794475206216848
2377.0,0.007758515329485233
2376.0,0.007738912481761543
2375.0,0.007681892463738051
2374.0,0.007578874428559106
2373.0,0.007509877927570735
2372.0,0.007560872130341427
2371.0,0.007721136589721091
2370.0,0.007898755765219046
2369.0,0.00800022071705606
2368.0,0.007971852070525852
2367.0,0.007832371707057348
2366.0,0.007715037462690083
2365.0,0.007791269880213314
2364.0,0.008065106577921956
2363.0,0.00832531231063635
2362.0,0.008379572065333228
2361.0,0.00825700047906161
2360.0,0.008157266133977143
2359.0,0.008213540028641414
2358.0,0.008347054835862651
2357.0,0.008379481825037964
2356.0,0.008220388281340802
2355.0,0.007988149473499257
2354.0,0.007896219883066715
2353.0,0.008000121006250215
2352.0,0.008169380615327413
2351.0,0.008280928284627087
2350.0,0.008365467782453806
2349.0,0.008460873608102099
2348.0,0.008508069883217027
2347.0,0.008477689349342095
2346.0,0.008439105377668288
2345.0,0.00849781287103427
2344.0,0.008636845953402632
2343.0,0.008799369716874747
2342.0,0.008978983081186474
2341.0,0.009108519080448666
2340.0,0.009117464945847722
2339.0,0.008992311235942277
2338.0,0.008824241082676744
2337.0,0.008706751551138639
2336.0,0.008636466000678423
2335.0,0.00855436932896006
2334.0,0.008438905687004583
2333.0,0.008314392585961098
2332.0,0.0082007485541928
2331.0,0.008135248332365423
2330.0,0.008210680083676099
2329.0,0.008500694415081349
2328.0,0.0089271837505139
2327.0,0.009356668096739408
2326.0,0.00966170117684792
2325.0,0.009805200538578255
2324.0,0.009764091400054551
2323.0,0.009574956674157071
2322.0,0.009345962769657882
2321.0,0.009172013420659314
2320.0,0.009065942029796001
2319.0,0.008969526935111412
2318.0,0.008880539566283796
2317.0,0.008835151113252776
2316.0,0.008835519674891336
2315.0,0.008837297577363824
2314.0,0.008804456393597402
2313.0,0.008749824161368146
2312.0,0.008683285659725695
2311.0,0.008623285404701439
2310.0,0.00859432766158365
2309.0,0.008624839123402929
2308.0,0.008671671359922034
2307.0,0.008668048802382167
2306.0,0.008590889404164205
2305.0,0.008499927055020614
2304.0,0.008449714320783813
2303.0,0.008448966841302964
2302.0,0.00847434208514801
2301.0,0.008515834980426249
2300.0,0.008562015553910526
2299.0,0.008598674380241606
2298.0,0.008617123204593152
2297.0,0.008633864318365951
2296.0,0.008660266160298968
2295.0,0.008697284623617586
2294.0,0.00873413539066716
2293.0,0.008766401848248043
2292.0,0.008786451381913673
2291.0,0.008802597238725198
2290.0,0.008840661142659325
2289.0,0.00891508551384112
2288.0,0.008985953567682647
2287.0,0.008989650729188975
2286.0,0.008914094349257386
2285.0,0.008816214588396211
2284.0,0.008752972853112193
2283.0,0.008721776418529701
2282.0,0.008681001137241807
2281.0,0.008601497879711555
2280.0,0.00849018057063654
2279.0,0.008378078030926326
2278.0,0.00829686684812698
2277.0,0.00824749765692269
2276.0,0.008197501374089028
2275.0,0.008125912044750229
2274.0,0.008061783723540945
2273.0,0.008047750622632339
2272.0,0.008077938897010077
2271.0,0.008110531194524592
2270.0,0.008121790351653875
2269.0,0.008105804930766645
2268.0,0.008039207511435647
2267.0,0.007906675661369204
2266.0,0.007756069380205224
2265.0,0.007664915024044743
2264.0,0.007652834565201319
2263.0,0.007682881011029418
2262.0,0.007744029492055814
2261.0,0.00785921995496691
2260.0,0.008002307557205402
2259.0,0.0080827161978782
2258.0,0.00803799108554888
2257.0,0.00789586549112014
2256.0,0.00772999618073841
2255.0,0.0075975955629411784
2254.0,0.007525899801296105
2253.0,0.007508122077753275
2252.0,0.007501890323842065
2251.0,0.007481174397944162
2250.0,0.0074849915836461
2249.0,0.007562102173075402
2248.0,0.007674152160843349
2247.0,0.007727933006866819
2246.0,0.0076979151365778615
2245.0,0.007642445020818903
2244.0,0.007598302475116116
2243.0,0.0075452739960366
2242.0,0.007486809595380841
2241.0,0.007471485760296584
2240.0,0.007505084633132965
2239.0,0.0075271092000642695
2238.0,0.007510848012864299
2237.0,0.007505285684166403
2236.0,0.007538142734132244
2235.0,0.007554912326867001
2234.0,0.0075052575955213245
2233.0,0.007423913225296104
2232.0,0.0073721610188803195
2231.0,0.007354197651709944
2230.0,0.0073352685979379655
2229.0,0.007295044198146591
2228.0,0.007226927663516943
2227.0,0.007130766491246108
2226.0,0.007037040215069948
2225.0,0.006993198343204882
2224.0,0.007008387747355328
2223.0,0.007060429446155718
2222.0,0.007160445571836182
2221.0,0.007332769328480861
2220.0,0.007519826940817063
2219.0,0.007598192239182955
2218.0,0.007524161725757083
2217.0,0.007386271530932366
2216.0,0.007283301698108821
2215.0,0.007222109231781196
2214.0,0.007174393078748338
2213.0,0.0071516166948005985
2212.0,0.0071679978842978465
2211.0,0.007195560522957762
2210.0,0.0072038347293804025
2209.0,0.007188919722314818
2208.0,0.007132640656379699
2207.0,0.007003565383262156
2206.0,0.006832860814265895
2205.0,0.006716853745145816
2204.0,0.006698153394126167
2203.0,0.006718099646738027
2202.0,0.00672971323402744
2201.0,0.006775142925998822
2200.0,0.006895866202344789
2199.0,0.007036407202271296
2198.0,0.007099668998255943
2197.0,0.007042561830126261
2196.0,0.006878977812898651
2195.0,0.006650448645743016
2194.0,0.006450442937703239
2193.0,0.0064079420557461965
2192.0,0.006559075487611146
2191.0,0.006784879916214377
2190.0,0.006938014186651208
2189.0,0.006994219459998469
2188.0,0.0070260656116911055
2187.0,0.0070590445059298115
2186.0,0.007026647984167285
2185.0,0.006864539606770578
2184.0,0.0066134089518089
2183.0,0.006416267295212522
2182.0,0.00641075926561083
2181.0,0.006604027161430718
2180.0,0.006843633057001175
2179.0,0.006956533924012656
2178.0,0.006904856576426851
2177.0,0.006781974719837628
2176.0,0.00668940490985713
2175.0,0.006661522213597093
2174.0,0.00669898245835901
2173.0,0.006799504579109452
2172.0,0.006940325370783141
2171.0,0.007093304732634399
2170.0,0.007257498610607002
2169.0,0.007424885375451644
2168.0,0.007527993712937396
2167.0,0.0074911815617440085
2166.0,0.0073414032918371515
2165.0,0.007207798277521774
2164.0,0.0071794979733800866
2163.0,0.007188317547507524
2162.0,0.0070219178506122125
2161.0,0.0064464782760801686
2160.0,0.005445809353690008
2159.0,0.00440837272675313
2158.0,0.0038843704916683717
2157.0,0.004040101765617224
2156.0,0.004514029871824082
2155.0,0.004869114632289459
2154.0,0.005002156551329225
2153.0,0.005043700865898576
2152.0,0.00506543581812687
2151.0,0.005037732777035266
2150.0,0.004997272191453558
2149.0,0.0050530633540009535
2148.0,0.005226341428271461
2147.0,0.005433381290787427
2146.0,0.005618376866610856
2145.0,0.005772606643131233
2144.0,0.005844137669124345
2143.0,0.005775729086411818
2142.0,0.005629252334635851
2141.0,0.005549087994835325
2140.0,0.005577062115748112
2139.0,0.00561174626278318
2138.0,0.005558372011492777
2137.0,0.005421707818420311
2136.0,0.005250718506613254
2135.0,0.00510194593274149
2134.0,0.005067204694849132
2133.0,0.005219088175451009
2132.0,0.005499255938018265
2131.0,0.005748643631564703
2130.0,0.005878488257673032
2129.0,0.005940474157594738
2128.0,0.006023532695295866
2127.0,0.0061468002447916175
2126.0,0.006285797411427505
2125.0,0.006430722962040808
2124.0,0.0065748650191744
2123.0,0.006682051693992888
2122.0,0.006710108164808866
2121.0,0.006654755917781983
2120.0,0.0065599152968824495
2119.0,0.006493387918471947
2118.0,0.006513251624923071
2117.0,0.006627738730845199
2116.0,0.006787682922889963
2115.0,0.006938827923900801
2114.0,0.007071456355987719
2113.0,0.007189100159676737
2112.0,0.007258281190900484
2111.0,0.007243349268837999
2110.0,0.007172490140628703
2109.0,0.007109137510087593
2108.0,0.0070628497627322874
2107.0,0.0069941477202358085
2106.0,0.00690641777074721
2105.0,0.006861065518758893
2104.0,0.006887494048852412
2103.0,0.006948777285558767
2102.0,0.0070128508932108735
2101.0,0.00708510368008183
2100.0,0.007143788420531513
2099.0,0.007111469779506732
2098.0,0.0069352129787481984
2097.0,0.006662026232973842
2096.0,0.006402523258439008
2095.0,0.0062485797120712325
2094.0,0.006238479420727068
2093.0,0.006347507991473878
2092.0,0.006493770487246998
2091.0,0.006591441043721437
2090.0,0.006617928038420914
2089.0,0.006608612373630672
2088.0,0.006590193604557941
2087.0,0.006568935548545663
2086.0,0.006572332595568519
2085.0,0.0066311819994660645
2084.0,0.00671001088802241
2083.0,0.006728532229904256
2082.0,0.006678566580026255
2081.0,0.006652424542599385
2080.0,0.006717167343493858
2079.0,0.006818548652428821
2078.0,0.006858250071390685
2077.0,0.006820832328492074
2076.0,0.006766609866452456
2075.0,0.006736872498484961
2074.0,0.006715952185677478
2073.0,0.006674361317338607
2072.0,0.006607235027258346
2071.0,0.006528613861025414
2070.0,0.006461328822952472
2069.0,0.006427740198823633
2068.0,0.006433330449413342
2067.0,0.006462390942997895
2066.0,0.006490261681141997
2065.0,0.006488623770924885
2064.0,0.006434476864336099
2063.0,0.006339198419778671
2062.0,0.006254343586807762
2061.0,0.006228444395161103
2060.0,0.006266490743583368
2059.0,0.006339860717131458
2058.0,0.006414868121263171
2057.0,0.006455301354149725
2056.0,0.006441851562113886
2055.0,0.006427911981507551
2054.0,0.006519252187242426
2053.0,0.006733119252110247
2052.0,0.0069244482920574725
2051.0,0.006918855608856306
2050.0,0.0067005574842037615
2049.0,0.006413081129711131
2048.0,0.006171822845096042
2047.0,0.0059726461953655335
2046.0,0.005804274247517307
2045.0,0.0057078085183697985
2044.0,0.005695117624079477
2043.0,0.0057129126944001725
2042.0,0.00571520064051749
2041.0,0.005693792464104322
2040.0,0.005642667571687116
2039.0,0.005569722250026624
2038.0,0.005515438790917362
2037.0,0.005474215679278932
2036.0,0.005337759740507691
2035.0,0.005034817844170614
2034.0,0.0046886113761258
2033.0,0.004497579874709572
2032.0,0.004489225734332837
2031.0,0.0045520105861837825
2030.0,0.0046534370398305545
2029.0,0.0048339396695882995
2028.0,0.005039664796845324
2027.0,0.005148621713551924
2026.0,0.005139506420658579
2025.0,0.005055856280233748
2024.0,0.004855392250024087
2023.0,0.004473225152170844
2022.0,0.004036483891408487
2021.0,0.003817029319536526
2020.0,0.00394049840881361
2019.0,0.004299266476762378
2018.0,0.004735118801607273
2017.0,0.005124929860062477
2016.0,0.005336084964215704
2015.0,0.0053094678115784165
2014.0,0.005161273266898057
2013.0,0.005077071229978016
2012.0,0.005115359181340472
2011.0,0.005191939269966524
2010.0,0.0052331104715412895
2009.0,0.00520897655107336
2008.0,0.005048048387417251
2007.0,0.004697933714343428
2006.0,0.004272455335519547
2005.0,0.003965160822837113
2004.0,0.0038333436942939044
2003.0,0.0038070717437375208
2002.0,0.0038936688751364692
2001.0,0.004193001145597703
2000.0,0.004693935900992666
1999.0,0.005219655108574013
1998.0,0.005566934563246254
1997.0,0.0056465097298652265
1996.0,0.005500648712987733
1995.0,0.005261148790173856
1994.0,0.00509946873285844
1993.0,0.005144406415195148
1992.0,0.005353809862136444
1991.0,0.005551890563707978
1990.0,0.005643335570731578
1989.0,0.005643352787032521
1988.0,0.005582611785858113
1987.0,0.005524797498953383
1986.0,0.005584634435551131
1985.0,0.005797307883013504
1984.0,0.006031786969753695
1983.0,0.006154045382096911
1982.0,0.0062076024730906825
1981.0,0.006278596879284658
1980.0,0.006242255538552826
1979.0,0.005886259784304415
1978.0,0.005275898872480158
1977.0,0.004774477045327093
1976.0,0.00459598492417285
1975.0,0.004606037310258252
1974.0,0.004601413584821608
1973.0,0.0045218318806597635
1972.0,0.0043700292671998405
1971.0,0.00415709919548741
1970.0,0.00398101728035639
1969.0,0.0039865705418522185
1968.0,0.004176184744645693
1967.0,0.004375760759213205
1966.0,0.004473361781390899
1965.0,0.0045340745472740055
1964.0,0.004604285051452884
1963.0,0.004624446133526926
1962.0,0.004573106398717977
1961.0,0.004519616268088464
1960.0,0.004506555907242046
1959.0,0.004511681634083517
1958.0,0.004548259776781071
1957.0,0.0046640020916737975
1956.0,0.00481899891563387
1955.0,0.004900764008897948
1954.0,0.004886162719924003
1953.0,0.004867420507851409
1952.0,0.004898141976268561
1951.0,0.00492799080852647
1950.0,0.004934621191499264
1949.0,0.004958087089194888
1948.0,0.00499699704710968
1947.0,0.004996679186446603
1946.0,0.004955186842236721
1945.0,0.004937157197653135
1944.0,0.004957037430718965
1943.0,0.0049484603448830536
1942.0,0.004882778279605377
1941.0,0.004826965315191099
1940.0,0.0048264110859557955
1939.0,0.004828321079865464
1938.0,0.004789772312435303
1937.0,0.004743046455082127
1936.0,0.00471211949908432
1935.0,0.0046656048165646035
1934.0,0.004589916930613174
1933.0,0.0045288059656283935
1932.0,0.0045066699137256035
1931.0,0.0044860003191959305
1930.0,0.004466374490529021
1929.0,0.004483454255751353
1928.0,0.004528077644663173
1927.0,0.004549577383358129
1926.0,0.004520390121472929
1925.0,0.004478914803982928
1924.0,0.0044383504692654535
1923.0,0.004405914818696629
1922.0,0.004430509087805447
1921.0,0.004564776949912908
1920.0,0.004747859328878765
1919.0,0.0048388064392317544
1918.0,0.00479354184558341
1917.0,0.004701159336719692
1916.0,0.0046395857044857205
1915.0,0.004601746957445956
1914.0,0.0045601569052188895
1913.0,0.004554022910454098
1912.0,0.004610432400948218
1911.0,0.004665718801804498
1910.0,0.004653502411089958
1909.0,0.0045850732665978795
1908.0,0.004521074433628814
1907.0,0.004498352204962826
1906.0,0.004512252492761712
1905.0,0.004570809728781333
1904.0,0.004639639266619431
1903.0,0.004672937621497421
1902.0,0.004673555720439065
1901.0,0.004667034469078264
1900.0,0.004649211300221468
1899.0,0.00459821491026286
1898.0,0.004518560989975182
1897.0,0.00446182237726076
1896.0,0.004443760003200433
1895.0,0.004438882253273693
1894.0,0.004455479539057486
1893.0,0.0045301069037798625
1892.0,0.004624166672152011
1891.0,0.004623651587265727
1890.0,0.004488039861150757
1889.0,0.004327188515179364
1888.0,0.004272789553918079
1887.0,0.004334159179003814
1886.0,0.0044256307941645465
1885.0,0.004489057235061711
1884.0,0.0045222464957671875
1883.0,0.004533075536960666
1882.0,0.0045282772637245845
1881.0,0.004510539795434764
1880.0,0.004493280935594617
1879.0,0.004496929611101363
1878.0,0.004521319189902556
1877.0,0.0045574568298121535
1876.0,0.004581739941952426
1875.0,0.004556357183925393
1874.0,0.004485661684247311
1873.0,0.00441973695006022
1872.0,0.004377572222060437
1871.0,0.004314270093505184
1870.0,0.004207018877050031
1869.0,0.004123294644444351
1868.0,0.004102429027830273
1867.0,0.004145476948566698
1866.0,0.0042741503206956315
1865.0,0.004430423044858421
1864.0,0.004514048856522327
1863.0,0.00448856600686612
1862.0,0.004404595662585364
1861.0,0.004339203931959392
1860.0,0.004319762157085694
1859.0,0.004325298321735383
1858.0,0.004337307402937421
1857.0,0.004347950903846988
1856.0,0.00433954259992815
1855.0,0.004298417976079646
1854.0,0.004245672767786531
1853.0,0.004214697938583469
1852.0,0.004212224869171987
1851.0,0.004240053835243224
1850.0,0.00425758532352537
1849.0,0.004262325607381744
1848.0,0.004301756119924915
1847.0,0.004405098108870059
1846.0,0.004511681829378345
1845.0,0.004518574922959592
1844.0,0.004375532297898825
1843.0,0.004169074448964641
1842.0,0.004119654564522236
1841.0,0.004258550057987309
1840.0,0.0044112521225750335
1839.0,0.004455976596642497
1838.0,0.00441035770543115
1837.0,0.0043664271728882775
1836.0,0.0043472622365933085
1835.0,0.004332738386314294
1834.0,0.004335676668016352
1833.0,0.004375419417936603
1832.0,0.00441319040603502
1831.0,0.004379447030020906
1830.0,0.00425367405478077
1829.0,0.00412782068747881
1828.0,0.004137596917852986
1827.0,0.004266435174861615
1826.0,0.00435311606194234
1825.0,0.00435183766351141
1824.0,0.00433192283645646
1823.0,0.0043497948601228026
1822.0,0.004399001403898062
1821.0,0.004431608325998939
1820.0,0.004430678205178157
1819.0,0.004388130056474907
1818.0,0.004309580895273042
1817.0,0.004253506791358875
1816.0,0.0042523315066910015
1815.0,0.004287786901954101
1814.0,0.0043154295635063145
1813.0,0.0043025371532096806
1812.0,0.004267644264472085
1811.0,0.004227204051391386
1810.0,0.00422278189404369
1809.0,0.004294645058873659
1808.0,0.004405882570795526
1807.0,0.004493358045091967
1806.0,0.004543162577638344
1805.0,0.004579516940890542
1804.0,0.004611347263777171
1803.0,0.004640327173888826
1802.0,0.004691247637956938
1801.0,0.004775461068890472
1800.0,0.004871044168120309
1799.0,0.004919961196974454
1798.0,0.004937081153317521
1797.0,0.004969000579367136
1796.0,0.005042176542300759
1795.0,0.005131110779745497
1794.0,0.005153584635950196
1793.0,0.005058167021784283
1792.0,0.004902544409271619
1791.0,0.00475452081506107
1790.0,0.004706906906600658
1789.0,0.004758344543138886
1788.0,0.00480647242266292
1787.0,0.004793248353166308
1786.0,0.004734827530339989
1785.0,0.004665443159523716
1784.0,0.004605848045480366
1783.0,0.004584057668162306
1782.0,0.004580225960098536
1781.0,0.004533602089556841
1780.0,0.00450091378598874
1779.0,0.004522859351626442
1778.0,0.00458610897374953
1777.0,0.004627359739245869
1776.0,0.004650774801477099
1775.0,0.004704002649432486
1774.0,0.004708104158130024
1773.0,0.004588528498022165
1772.0,0.0044571608567317315
1771.0,0.0044565686042047645
1770.0,0.004627435138713556
1769.0,0.004817505542283081
1768.0,0.004861971403234445
1767.0,0.004818943092150899
1766.0,0.0048579215682226316
1765.0,0.005028296614413891
1764.0,0.0052263433893331174
1763.0,0.005350652135744425
1762.0,0.00538912325647499
1761.0,0.0053799469679911335
1760.0,0.005466598595066428
1759.0,0.005684661697993977
1758.0,0.005918035826401619
1757.0,0.0060341606662808
1756.0,0.006091369630537044
1755.0,0.00627305499104884
1754.0,0.006591852555554644
1753.0,0.006874193618367556
1752.0,0.007065048587825057
1751.0,0.007314196127417119
1750.0,0.007728079059382678
1749.0,0.008323326369952245
1748.0,0.009082290510997076
1747.0,0.009982696067059317
1746.0,0.0109616056772706
1745.0,0.012017442064263873
1744.0,0.01324175576764582
1743.0,0.014637125376000336
1742.0,0.016148113269218226
1741.0,0.01783657209645609
1740.0,0.019827801325187733
1739.0,0.021974355073867954
1738.0,0.023980464368428767
1737.0,0.025813597571098836
1736.0,0.027539796723808855
1735.0,0.02952080828310072
1734.0,0.03211061261654805
1733.0,0.0344897852653068
1732.0,0.03649370791388029
1731.0,0.03862423517648566
1730.0,0.04084102833906686
1729.0,0.04297514682760978
1728.0,0.04500823520672473
1727.0,0.04701111828819666
1726.0,0.04897204656444268
1725.0,0.05088071083360125
1724.0,0.052789349044345006
1723.0,0.0546831581915675
1722.0,0.05656778815929441
1721.0,0.058453581636428206
1720.0,0.06024305760080714
1719.0,0.06173252666834232
1718.0,0.06275498534174526
1717.0,0.06331277807450578
1716.0,0.06377788026853289
1715.0,0.06448533805541584
1714.0,0.0652518952247553
1713.0,0.06582187916203207
1712.0,0.0660843679623278
1711.0,0.06598072994982956
1710.0,0.0654936327041608
1709.0,0.06469711391357977
1708.0,0.06362463630247983
1707.0,0.06188917901412583
1706.0,0.05893070534640721
1705.0,0.055438104600670945
1704.0,0.05306711272967898
1703.0,0.05207820988737184
1702.0,0.05121035387184129
1701.0,0.04878525519829357
1700.0,0.04463818070689835
1699.0,0.04129894272438844
1698.0,0.03984500077964258
1697.0,0.03880423196280458
1696.0,0.037065241468132344
1695.0,0.0351513158054167
1694.0,0.034126458821732326
1693.0,0.03396147921522967
1692.0,0.03393542807167571
1691.0,0.033596360584615494
1690.0,0.033026701829130714
1689.0,0.03260256379410864
1688.0,0.032503452398105585
1687.0,0.03252488838776605
1686.0,0.03230451133025153
1685.0,0.03202254426970181
1684.0,0.03207247180253435
1683.0,0.032124219091577574
1682.0,0.03235013847613012
1681.0,0.032738728178353015
1680.0,0.03299752817612473
1679.0,0.03309644308672016
1678.0,0.03315840097647685
1677.0,0.03327802531925833
1676.0,0.033478831306905675
1675.0,0.03366510922810428
1674.0,0.03370246323549059
1673.0,0.033741325131474306
1672.0,0.03389995869547996
1671.0,0.034114196009269994
1670.0,0.03446270677572884
1669.0,0.034861748295863
1668.0,0.035109808016232806
1667.0,0.03522437153812631
1666.0,0.035266371013215156
1665.0,0.03530479358618767
1664.0,0.03545797123428639
1663.0,0.03579833683776497
1662.0,0.036170456595084874
1661.0,0.036400870796527734
1660.0,0.036577826135879975
1659.0,0.036682473371281776
1658.0,0.03669894472477195
1657.0,0.036667317718639826
1656.0,0.0366822573830763
1655.0,0.036562484274226634
1654.0,0.03685142111143814
1653.0,0.03806283283209865
1652.0,0.03832410974911524
1651.0,0.03815357122672206
1650.0,0.0382157795912197
1649.0,0.038204193131155736
1648.0,0.03835702970596414
1647.0,0.03908518627268567
1646.0,0.03970034677353675
1645.0,0.03976147121259573
1644.0,0.03972488105831373
1643.0,0.03969947985304736
1642.0,0.03962283495216426
1641.0,0.039473287244334056
1640.0,0.03928231216880224
1639.0,0.03905772447644808
1638.0,0.038757395297959255
1637.0,0.03859766765699277
1636.0,0.038898733825981024
1635.0,0.03906917616120459
1634.0,0.03873965591985133
1633.0,0.03840316422329387
1632.0,0.03810530585372908
1631.0,0.03772111544669649
1630.0,0.0372546755610915
1629.0,0.03679259831087712
1628.0,0.036390523768363374
1627.0,0.035988659952898044
1626.0,0.035536196067542505
1625.0,0.03503687097255153
1624.0,0.03455571123588399
1623.0,0.03409371643989926
1622.0,0.03357276875589267
1621.0,0.03305807921625192
1620.0,0.03262459603669833
1619.0,0.0321506607623744
1618.0,0.03155465960177787
1617.0,0.030965786646603634
1616.0,0.030453311163143613
1615.0,0.030028371434582944
1614.0,0.029712324543920796
1613.0,0.02934550669036208
1612.0,0.02879299130276433
1611.0,0.028112398940019823
1610.0,0.027413637429369773
1609.0,0.026731574705615033
1608.0,0.026062079481493118
1607.0,0.025427129595481608
1606.0,0.024840039926375766
1605.0,0.02426266299217032
1604.0,0.023690798699333642
1603.0,0.023134422177661363
1602.0,0.022598507251787706
1601.0,0.02208977012139547
1600.0,0.021613066358690272
1599.0,0.02116870164035882
1598.0,0.020747797363374072
1597.0,0.020346801527942316
1596.0,0.019968629355723667
1595.0,0.019620370766879225
1594.0,0.01930862408067368
1593.0,0.019020995604652792
1592.0,0.018741915164577447
1591.0,0.018478866568638272
1590.0,0.018257877970308364
1589.0,0.018082145397366918
1588.0,0.01793795130747272
1587.0,0.017829077888427348
1586.0,0.017787188379410353
1585.0,0.01782193425331152
1584.0,0.01794101061132075
1583.0,0.018171207624159764
1582.0,0.018460218491651942
1581.0,0.018734914884835176
1580.0,0.018970633070927122
1579.0,0.019130867186067775
1578.0,0.019061320489997927
1577.0,0.01866684646128261
1576.0,0.018012906950144476
1575.0,0.017380211378346656
1574.0,0.017105624214485284
1573.0,0.01708102345809339
1572.0,0.016981266733451208
1571.0,0.01667751737771221
1570.0,0.016321198255781863
1569.0,0.016032463642637135
1568.0,0.0158319661613983
1567.0,0.015737671607876008
1566.0,0.01566969887563701
1565.0,0.015568042118916391
1564.0,0.015506636038264892
1563.0,0.01552054023988076
1562.0,0.015556478554600624
1561.0,0.015337888898115375
1560.0,0.014929107450289462
1559.0,0.015127730364672014
1558.0,0.015359702788258569
1557.0,0.015431166355266278
1556.0,0.015692817395568586
1555.0,0.015870611831728512
1554.0,0.015885615526950128
1553.0,0.015861183314648017
1552.0,0.015895382054355128
1551.0,0.015973827775523163
1550.0,0.01605629216350918
1549.0,0.016152206512029817
1548.0,0.01621703446129771
1547.0,0.016222349350421928
1546.0,0.016132375823353175
1545.0,0.01607683178321593
1544.0,0.016161366997719022
1543.0,0.016270698251115247
1542.0,0.016264187035156016
1541.0,0.016532642156357177
1540.0,0.01705948833932509
1539.0,0.017023080553259257
1538.0,0.016903833091897885
1537.0,0.017147018588331057
1536.0,0.017443157706409564
1535.0,0.017605622748468937
1534.0,0.017771476670960764
1533.0,0.0180557585131854
1532.0,0.018250541754431936
1531.0,0.018317449357965785
1530.0,0.018340990233739377
1529.0,0.018389826370201513
1528.0,0.018510274584985775
1527.0,0.018674387839231674
1526.0,0.018835685639917183
1525.0,0.018963116372963437
1524.0,0.019033890714740927
1523.0,0.018999002912107436
1522.0,0.01906317526859372
1521.0,0.019306418553344758
1520.0,0.019425688748356332
1519.0,0.019466655578384603
1518.0,0.019537033314421675
1517.0,0.019714029554575515
1516.0,0.019939849385368913
1515.0,0.020075066682488242
1514.0,0.020195345684713945
1513.0,0.020300737646412898
1512.0,0.020408537315641153
1511.0,0.020469761011153817
1510.0,0.020559451435160945
1509.0,0.020659241902930604
1508.0,0.02134599602182969
1507.0,0.023171078994265643
1506.0,0.024343725784300052
1505.0,0.024499156765852938
1504.0,0.02451005919872755
1503.0,0.024330288850776968
1502.0,0.023922415103236623
1501.0,0.02336306690621806
1500.0,0.0228022216372199
1499.0,0.02231189790943978
1498.0,0.02191811434551795
1497.0,0.021750150046956407
1496.0,0.021735841516504092
1495.0,0.021698261762982576
1494.0,0.02170196433505571
1493.0,0.021784058638029895
1492.0,0.02184689830614702
1491.0,0.02186291748848998
1490.0,0.022005785704358405
1489.0,0.022351257318426035
1488.0,0.022691489525236266
1487.0,0.02289995657296982
1486.0,0.02306479795151646
1485.0,0.0232350252668347
1484.0,0.023396761371327873
1483.0,0.023555534271057554
1482.0,0.023754452809839274
1481.0,0.024039818637909202
1480.0,0.02432951149499646
1479.0,0.024536230806449906
1478.0,0.02468192045230816
1477.0,0.024873409201146418
1476.0,0.02512926498190668
1475.0,0.02535527066582878
1474.0,0.025622918963328918
1473.0,0.026209882319996124
1472.0,0.02688943332560427
1471.0,0.02721808833863989
1470.0,0.02738723158503853
1469.0,0.02758904125033059
1468.0,0.02780767127102822
1467.0,0.02805149002850004
1466.0,0.02845552138538259
1465.0,0.029150354232301924
1464.0,0.02991461531786716
1463.0,0.030427682846553103
1462.0,0.030760726700907216
1461.0,0.031050910156651478
1460.0,0.03135732342461726
1459.0,0.03165759513394847
1458.0,0.032346510131410884
1457.0,0.03373043071066873
1456.0,0.03469914545250518
1455.0,0.03497556762251495
1454.0,0.035180890187920345
1453.0,0.035414453754211636
1452.0,0.03560322293438209
1451.0,0.035698237724797875
1450.0,0.035777448791668345
1449.0,0.035939523173656875
1448.0,0.036140837725497185
1447.0,0.03628036286473264
1446.0,0.036371997762080846
1445.0,0.03647234402482795
1444.0,0.03658476323535941
1443.0,0.03664909948679602
1442.0,0.03667400364143985
1441.0,0.036710260222797324
1440.0,0.03676156325709837
1439.0,0.036761529656458666
1438.0,0.0366965107629997
1437.0,0.036662547132789894
1436.0,0.03657784908646866
1435.0,0.03633180299300585
1434.0,0.036058091050391344
1433.0,0.035832623816456334
1432.0,0.03560880530004894
1431.0,0.03538865392126419
1430.0,0.03523159570334602
1429.0,0.03517497947035531
1428.0,0.03513161662243989
1427.0,0.035050040734972615
1426.0,0.034977127228635385
1425.0,0.03499745910050148
1424.0,0.035168862644635965
1423.0,0.03537448365302118
1422.0,0.03553050372331304
1421.0,0.035686107593066424
1420.0,0.03601470306020685
1419.0,0.0366997465802799
1418.0,0.037608096347381284
1417.0,0.038583228055877286
1416.0,0.03965029568903966
1415.0,0.04084110137779985
1414.0,0.04226631554528163
1413.0,0.044079409814727265
1412.0,0.046216537791276505
1411.0,0.04826356401439941
1410.0,0.049753029946786965
1409.0,0.05049963064103348
1408.0,0.05042224098479001
1407.0,0.04942870922114597
1406.0,0.047578451627902335
1405.0,0.04518944486055579
1404.0,0.04279661720330517
1403.0,0.04081751697283028
1402.0,0.039296609898986305
1401.0,0.038002047507899685
1400.0,0.03666800994979993
1399.0,0.0352553369809925
1398.0,0.033990953988200484
1397.0,0.032978253775617604
1396.0,0.0320016950417582
1395.0,0.030893004599771033
1394.0,0.02977190491950927
1393.0,0.028809607214762424
1392.0,0.02799499051951012
1391.0,0.027235948159972323
1390.0,0.02649677195539414
1389.0,0.025760713459501712
1388.0,0.024997116168876114
1387.0,0.02423727397958015
1386.0,0.02359717811399171
1385.0,0.023120268793840326
1384.0,0.022740448743640937
1383.0,0.02240470751666558
1382.0,0.022133150045542158
1381.0,0.02194804867935654
1380.0,0.021822495123749418
1379.0,0.021739515042029617
1378.0,0.021701713360381424
1377.0,0.02169241127733794
1376.0,0.021682912091646897
1375.0,0.021700866128604675
1374.0,0.021774554344940612
1373.0,0.02183704298938209
1372.0,0.0218104259880341
1371.0,0.02166733536537737
1370.0,0.021377670970720915
1369.0,0.020892322238762695
1368.0,0.020216093329370764
1367.0,0.019434307590407374
1366.0,0.018622211154883137
1365.0,0.01775034619224549
1364.0,0.016741381161449385
1363.0,0.015631338190848314
1362.0,0.014627401945592502
1361.0,0.013876794488368406
1360.0,0.013320482621298535
1359.0,0.012858051772544753
1358.0,0.012455847205495349
1357.0,0.01210643134540142
1356.0,0.011797167025413228
1355.0,0.011527051827922147
1354.0,0.01131057538912052
1353.0,0.011150729357176349
1352.0,0.011028937692577092
1351.0,0.010949798322287096
1350.0,0.010941471675536895
1349.0,0.011002145913246032
1348.0,0.011113769838532444
1347.0,0.01127048836424344
1346.0,0.01148541938941617
1345.0,0.011749921952929298
1344.0,0.012025164215939167
1343.0,0.012268925061311935
1342.0,0.012451937236773365
1341.0,0.012547655020703562
1340.0,0.012522846223782875
1339.0,0.012342585401481303
1338.0,0.01200524740156314
1337.0,0.011542534005759712
1336.0,0.010988735993289915
1335.0,0.010392353279972077
1334.0,0.009811445378547955
1333.0,0.009282990966723643
1332.0,0.008829420321707634
1331.0,0.00848191883080894
1330.0,0.008260771993819166
1329.0,0.008147230208241988
1328.0,0.00810602040958371
1327.0,0.008122328281673759
1326.0,0.008191711963456479
1325.0,0.008297306191974649
1324.0,0.008426722930068666
1323.0,0.008580014283046479
1322.0,0.008755817496209427
1321.0,0.00894248323828423
1320.0,0.009136037275304966
1319.0,0.009347331289298738
1318.0,0.009578943773656614
1317.0,0.009813788241260127
1316.0,0.010039500175910435
1315.0,0.010267429256336207
1314.0,0.010520816614698725
1313.0,0.010813254430177787
1312.0,0.011141714071825022
1311.0,0.011499078108985816
1310.0,0.011879659135564925
1309.0,0.012277055312249954
1308.0,0.012681967214868164
1307.0,0.01308566479909887
1306.0,0.01348411521332335
1305.0,0.01388232454673936
1304.0,0.01430154245367159
1303.0,0.014773976854555382
1302.0,0.015334618077323961
1301.0,0.01600872507272255
1300.0,0.01680464869447511
1299.0,0.017714610447555665
1298.0,0.01872557394814495
1297.0,0.019821432969808726
1296.0,0.02097039671434406
1295.0,0.02212640665380918
1294.0,0.02325744165694292
1293.0,0.02436081608358443
1292.0,0.025436968942982904
1291.0,0.02646984736790277
1290.0,0.02744875537539851
1289.0,0.028383142308288818
1288.0,0.02927247789627673
1287.0,0.030088103319520797
1286.0,0.030809716146789484
1285.0,0.03145041679813658
1284.0,0.03202537705447157
1283.0,0.03252968583343761
1282.0,0.032964505396818077
1281.0,0.03334852666556724
1280.0,0.03368766123591097
1279.0,0.03396962703701298
1278.0,0.034207826404994805
1277.0,0.03445662003253155
1276.0,0.03476650794034156
1275.0,0.03516435246938211
1274.0,0.0356915127047652
1273.0,0.03641934455278745
1272.0,0.03739493434013537
1271.0,0.03859977442781009
1270.0,0.03999708900877353
1269.0,0.04158896196261178
1268.0,0.0433835478756045
1267.0,0.04534066586751546
1266.0,0.04739347018316798
1265.0,0.04948326933301696
1264.0,0.05152393972195003
1263.0,0.05338241115665182
1262.0,0.05495205028999035
1261.0,0.0561967267126538
1260.0,0.05708510031139587
1259.0,0.05756769695558707
1258.0,0.057676330120221955
1257.0,0.05755467999734071
1256.0,0.05734217346416155
1255.0,0.05711056468821793
1254.0,0.056929513808196455
1253.0,0.05689664822265984
1252.0,0.05705880839992611
1251.0,0.057380383555706724
1250.0,0.05783273890242836
1249.0,0.0584439648224407
1248.0,0.05921813103350208
1247.0,0.06008385333307936
1246.0,0.060982218992615425
1245.0,0.06193490953897399
1244.0,0.06296121221815298
1243.0,0.06400263518445687
1242.0,0.06499424630707842
1241.0,0.06592881314011115
1240.0,0.06678369286524893
1239.0,0.0674724240038742
1238.0,0.06793712619415314
1237.0,0.06819813936336393
1236.0,0.06824853892211051
1235.0,0.0680034942509138
1234.0,0.06742060586496218
1233.0,0.06656616721530013
1232.0,0.06550361132315509
1231.0,0.06422348595524585
1230.0,0.0627334846763327
1229.0,0.061106957059371886
1228.0,0.05939185977976359
1227.0,0.0575660623934407
1226.0,0.05561999685676061
1225.0,0.05360116568031009
1224.0,0.051550061876985784
1223.0,0.04946859130289953
1222.0,0.047372633810726116
1221.0,0.045308674677370916
1220.0,0.04330460010234676
1219.0,0.04135825011530789
1218.0,0.039482592841005075
1217.0,0.03771503081686965
1216.0,0.03607429903688666
1215.0,0.034545341016996564
1214.0,0.03310956521130623
1213.0,0.03176360563906016
1212.0,0.030510193301586386
1211.0,0.029354197739375837
1210.0,0.028305561999554835
1209.0,0.027365844388353773
1208.0,0.026514898493738254
1207.0,0.02572571909027345
1206.0,0.024990552397890033
1205.0,0.02432054327040723
1204.0,0.023722274125931274
1203.0,0.02318379676578696
1202.0,0.02268013409002087
1201.0,0.022186181972506068
1200.0,0.021687994578476394
1199.0,0.021187584890516475
1198.0,0.02069517797888426
1197.0,0.0202159550227287
1196.0,0.019750134233161527
1195.0,0.019307607907547465
1194.0,0.01891294885450067
1193.0,0.018592150881994257
1192.0,0.018360804193998465
1191.0,0.01822256552727238
1190.0,0.01817009417711367
1189.0,0.01818984532815547
1188.0,0.01827614912054243
1187.0,0.018441438857591183
1186.0,0.018705718570030665
1185.0,0.019074633745561856
1184.0,0.01953240968441218
1183.0,0.02005704741671483
1182.0,0.020639208619926623
1181.0,0.02128231642480253
1180.0,0.021982322786664142
1179.0,0.022713895506984695
1178.0,0.023444105223239038
1177.0,0.024151716134075157
1176.0,0.024817349389180156
1175.0,0.025398247973335744
1174.0,0.02582460211021307
1173.0,0.026018150852868037
1172.0,0.025916267434393007
1171.0,0.025507176503209335
1170.0,0.024864331897279074
1169.0,0.02412613818017073
1168.0,0.023423586040240342
1167.0,0.022830228896038522
1166.0,0.022364557482646805
1165.0,0.02200869177914784
1164.0,0.02172227440499331
1163.0,0.021464277083565998
1162.0,0.021220342387796555
1161.0,0.021008069144555754
1160.0,0.020855906106785588
1159.0,0.020784016967018162
1158.0,0.02079996604445159
1157.0,0.020898904058541612
1156.0,0.02106645130082841
1155.0,0.021293332664035138
1154.0,0.021591155218927564
1153.0,0.021982374252115806
1152.0,0.022470465310254754
1151.0,0.023034702930046946
1150.0,0.023664759915754154
1149.0,0.024385579244102486
1148.0,0.02523032924033091
1147.0,0.0261987665184049
1146.0,0.027260590307707312
1145.0,0.02839084508135596
1144.0,0.029581438792299512
1143.0,0.03082599613562652
1142.0,0.03211504034390228
1141.0,0.03343719934964928
1140.0,0.034764383218111164
1139.0,0.03604976525302632
1138.0,0.03726121810282652
1137.0,0.03839626369690048
1136.0,0.03944832263868994
1135.0,0.04039656807434354
1134.0,0.04125224224145907
1133.0,0.0420690347436861
1132.0,0.04288294127978439
1131.0,0.043693147721139906
1130.0,0.044527410221555166
1129.0,0.04546742348391942
1128.0,0.04657166697246174
1127.0,0.04782034099345195
1126.0,0.04916624386084455
1125.0,0.05058402237367919
1124.0,0.052032234205309044
1123.0,0.053433207562424756
1122.0,0.05474250349241279
1121.0,0.055972838115549414
1120.0,0.05710051163956925
1119.0,0.058026233325212936
1118.0,0.05867862080494517
1117.0,0.059070826766193185
1116.0,0.05921454883100426
1115.0,0.05908841653290828
1114.0,0.058742706634004827
1113.0,0.058327740585269475
1112.0,0.057975823566305665
1111.0,0.0577597943992888
1110.0,0.057787744802193966
1109.0,0.05821075741851679
1108.0,0.059082180286945285
1107.0,0.06030697692405444
1106.0,0.06178356244856814
1105.0,0.063501668325694
1104.0,0.06544696095510666
1103.0,0.06752240424621671
1102.0,0.06964716848747177
1101.0,0.07182966261342451
1100.0,0.07405500476602411
1099.0,0.07621304091146403
1098.0,0.07822815700371748
1097.0,0.08013138481197028
1096.0,0.08191439306520448
1095.0,0.08347038463468134
1094.0,0.08477979216902809
1093.0,0.08596816632924174
1092.0,0.08707219646121521
1091.0,0.08794772002336917
1090.0,0.08851597761606946
1089.0,0.08888709148085625
1088.0,0.08913420710309707
1087.0,0.08917770469233717
1086.0,0.08900477928730331
1085.0,0.08876394966601173
1084.0,0.08851499529366583
1083.0,0.08811129985716709
1082.0,0.08744675501425365
1081.0,0.08659539123766935
1080.0,0.08560170432018618
1079.0,0.08436616900883437
1078.0,0.0828430672784888
1077.0,0.08113242948475559
1076.0,0.0792943316781535
1075.0,0.07728906035172994
1074.0,0.07516223880216864
1073.0,0.07307624327928641
1072.0,0.07109955125532152
1071.0,0.06915202182362308
1070.0,0.06720114734131957
1069.0,0.06533450029963787
1068.0,0.06360120427612294
1067.0,0.06195359075125252
1066.0,0.06038600205601993
1065.0,0.05897576347773349
1064.0,0.057744218216365314
1063.0,0.05661278664690929
1062.0,0.05553444503059721
1061.0,0.05455119067439852
1060.0,0.053691682639223456
1059.0,0.05292856868998874
1058.0,0.05227274090064098
1057.0,0.051799681703370556
1056.0,0.051540390411921114
1055.0,0.05143993465537888
1054.0,0.051460720381992175
1053.0,0.0516356455203314
1052.0,0.05197415154279511
1051.0,0.052411409353030985
1050.0,0.0529109639132843
1049.0,0.05351075454009231
1048.0,0.054204641277051296
1047.0,0.05489810085240936
1046.0,0.0555310878206826
1045.0,0.05612211902010936
1044.0,0.0566552492027166
1043.0,0.057050801123082834
1042.0,0.05729141581648743
1041.0,0.05745711664810135
1040.0,0.05758616541659692
1039.0,0.05761619128823431
1038.0,0.05750879687257196
1037.0,0.05731386180502154
1036.0,0.057066396090695956
1035.0,0.0567392888724402
1034.0,0.0563416064505219
1033.0,0.055947947873946746
1032.0,0.05558364270622587
1031.0,0.05518703423202763
1030.0,0.05472854774765416
1029.0,0.054264018121225555
1028.0,0.0538355770449873
1027.0,0.053435799012295976
1026.0,0.05311895510077695
1025.0,0.053049964904171645
1024.0,0.053404627018234396
1023.0,0.05430883308643718
1022.0,0.05589627550833959
1021.0,0.058305497366248835
1020.0,0.06152381872003153
1019.0,0.06526232161902587
1018.0,0.0690240518459672
1017.0,0.07223397204707792
1016.0,0.07427305174136824
1015.0,0.07461052613885898
1014.0,0.0731508016659883
1013.0,0.07035183481412566
1012.0,0.06688070951219352
1011.0,0.06326696931818789
1010.0,0.05984917776153327
1009.0,0.05680719219518249
1008.0,0.05415371714924158
1007.0,0.051800302916917756
1006.0,0.04969200811462034
1005.0,0.04783660678918654
1004.0,0.04621219483825492
1003.0,0.04473602441013093
1002.0,0.04334781732974493
1001.0,0.04205170746482906
1000.0,0.04085345087152595
999.0,0.0397237414308476
998.0,0.038646784575110164
997.0,0.03764310441511544
996.0,0.03671828880916257
995.0,0.035839897016362386
994.0,0.034986777473865575
993.0,0.0341758750989686
992.0,0.033420495686170844
991.0,0.0327045291668684
990.0,0.032017278938894424
989.0,0.03137327029473363
988.0,0.030778349437364974
987.0,0.030212532573398017
986.0,0.02966235379351201
985.0,0.029136448383908997
984.0,0.02863792801048462
983.0,0.028156706141380695
982.0,0.027698631327201538
981.0,0.02728427480200102
980.0,0.026906157640302145
979.0,0.026523868795536587
978.0,0.026117781022894526
977.0,0.025712835028280014
976.0,0.025330391746006875
975.0,0.02494865034957347
974.0,0.02453079611870939
973.0,0.024065655247611978
972.0,0.02356276216483915
971.0,0.02303073190854965
970.0,0.02247498720641268
969.0,0.021896963787187508
968.0,0.02128681585763597
967.0,0.02063562986863022
966.0,0.019958743633591146
965.0,0.019286900782987497
964.0,0.01863331879231398
963.0,0.017990696772128938
962.0,0.017358958404368637
961.0,0.016751784681684832
960.0,0.01617598861456873
959.0,0.015627442046306367
958.0,0.01510680744636491
957.0,0.014617306432612512
956.0,0.01414820982737542
955.0,0.013683733482063247
954.0,0.01322955498808754
953.0,0.012808409082036357
952.0,0.012426568936504213
951.0,0.012065119376108307
950.0,0.01170851151902751
949.0,0.011362965813575023
948.0,0.011041446273395684
947.0,0.010747316796551963
946.0,0.010477843225855505
945.0,0.010228558125364402
944.0,0.009988431245180767
943.0,0.009743161037262853
942.0,0.009489096285479667
941.0,0.00923602510766523
940.0,0.008995473543089948
939.0,0.008775205635087116
938.0,0.008582475901997712
937.0,0.008418714370216497
936.0,0.008269904449133059
935.0,0.008114335037829639
934.0,0.007942511295241983
933.0,0.007760800665158798
932.0,0.007576855182839518
931.0,0.0073933321518575325
930.0,0.007214787115362137
929.0,0.007047286598196426
928.0,0.0068896235750090865
927.0,0.0067353374722028715
926.0,0.006584002450506599
925.0,0.00644092992879669
924.0,0.006306777829471533
923.0,0.00617818505926971
922.0,0.006057191683425278
921.0,0.005948678265624802
920.0,0.00585037477643487
919.0,0.005758052600383465
918.0,0.005679313234271958
917.0,0.0056281583608155
916.0,0.005605815132986299
915.0,0.005601960959288308
914.0,0.005618323543319127
913.0,0.005677015501552276
912.0,0.005798370849331349
911.0,0.00597963989280173
910.0,0.006200367371924892
909.0,0.006440525639143584
908.0,0.006689606825107958
907.0,0.006948789561724251
906.0,0.007230178460129272
905.0,0.007542575745140216
904.0,0.007871805218611604
903.0,0.008186380774493747
902.0,0.0084672110395233
901.0,0.008715878684126911
900.0,0.008926736226909083
899.0,0.009072728226147502
898.0,0.0091348938666545
897.0,0.009129815959514877
896.0,0.009092396070566371
895.0,0.009044145068087858
894.0,0.008988953852270186
893.0,0.008927180266974904
892.0,0.008864398696656693
891.0,0.008816555684888715
890.0,0.00881368887615503
889.0,0.008890626777885071
888.0,0.00907262138832236
887.0,0.009378654781855914
886.0,0.00983430121499958
885.0,0.01046493734604929
884.0,0.0112765434523135
883.0,0.01226448036561606
882.0,0.01345005671112675
881.0,0.014884055542577233
880.0,0.016588653031250414
879.0,0.018504225467556902
878.0,0.020512498674649597
877.0,0.02249975219833287
876.0,0.02437297564268752
875.0,0.026030813747102477
874.0,0.027334481736003148
873.0,0.02807197307416183
872.0,0.02796855144474923
871.0,0.026860338895218577
870.0,0.02491070230908673
869.0,0.02255190905416405
868.0,0.020189130735880176
867.0,0.01803111060519861
866.0,0.016149281416604197
865.0,0.014568940775557822
864.0,0.013280781808466868
863.0,0.012238794221225924
862.0,0.011393338773785247
861.0,0.010713344973443353
860.0,0.010171240895579813
859.0,0.009734387080187607
858.0,0.00938408733505755
857.0,0.009119358680139487
856.0,0.008929388477292782
855.0,0.008781900407675115
854.0,0.00864922651535907
853.0,0.008528188406296742
852.0,0.008427291197799822
851.0,0.008354168159577048
850.0,0.00831836970745126
849.0,0.008320002401341568
848.0,0.008329911018515612
847.0,0.008309750802906676
846.0,0.008260528078028032
845.0,0.008221594225874033
844.0,0.008213909791750278
843.0,0.008217853508401672
842.0,0.008215940278048936
841.0,0.008218618606522198
840.0,0.008228440532077521
839.0,0.00821545553138666
838.0,0.008156542621942073
837.0,0.008072296851877422
836.0,0.007999147248202675
835.0,0.007946571786657801
834.0,0.00790213215903482
833.0,0.007857141964356523
832.0,0.0078077747568973815
831.0,0.007752317791111515
830.0,0.007708195411897482
829.0,0.0077121628602681985
828.0,0.007785225435295279
827.0,0.007918039572166205
826.0,0.008104339888456581
825.0,0.0083547329024794
824.0,0.008655465924463718
823.0,0.00895556979368647
822.0,0.009224501536538643
821.0,0.009477209355338401
820.0,0.009717717243189906
819.0,0.009912703647377084
818.0,0.010048148649257196
817.0,0.010164536306129464
816.0,0.010307605241450926
815.0,0.010479318609936464
814.0,0.010661405801231004
813.0,0.010853359234580709
812.0,0.011058372651153996
811.0,0.011262992120269426
810.0,0.011462127630932586
809.0,0.011676896166704955
808.0,0.011918301971104078
807.0,0.012159044912490279
806.0,0.012367550362860913
805.0,0.0125412306020148
804.0,0.012681178769447542
803.0,0.012766999557968832
802.0,0.012787919160165397
801.0,0.012773571041516121
800.0,0.012772499384796604
799.0,0.012829415800548624
798.0,0.01299333906684403
797.0,0.01329856888647371
796.0,0.013703535791081127
795.0,0.014077504160719227
794.0,0.014280229080750051
793.0,0.014238761627132335
792.0,0.013939678506446153
791.0,0.013404736868790242
790.0,0.012709510540911663
789.0,0.011969594722479798
788.0,0.011261755696097595
787.0,0.010586243798101296
786.0,0.009926292833748955
785.0,0.009309414362494071
784.0,0.008784897680722867
783.0,0.008368620702882065
782.0,0.008034816743419965
781.0,0.007744416838370884
780.0,0.007466090461718249
779.0,0.007190475249932667
778.0,0.006941071596561495
777.0,0.00675337630362563
776.0,0.00663117758444003
775.0,0.006539191025959564
774.0,0.00644158717063693
773.0,0.006325153791045691
772.0,0.0061829178757968895
771.0,0.006010112282607279
770.0,0.005828705137458451
769.0,0.005680942902776879
768.0,0.005581033111007858
767.0,0.005499997072560301
766.0,0.005411183470741484
765.0,0.005322148198139417
764.0,0.005247899615585659
763.0,0.005184580170965642
762.0,0.005125705057006165
761.0,0.005074400655009262
760.0,0.00502272670318327
759.0,0.004948045068283599
758.0,0.004847880612699022
757.0,0.0047493004016957475
756.0,0.004667101811562865
755.0,0.004582717509532021
754.0,0.004482119377289585
753.0,0.004384177096084928
752.0,0.004310861275168519
751.0,0.004258539787534387
750.0,0.004216572338429675
749.0,0.004184212680851923
748.0,0.00415279585159805
747.0,0.004104614173507198
746.0,0.0040542513285622
745.0,0.004067070012308768
744.0,0.004218633384076888
743.0,0.004562718796190801
742.0,0.005153019595496522
741.0,0.00605609117081202
740.0,0.007309240139766551
739.0,0.008887573499911816
738.0,0.01073722179757021
737.0,0.012812596428166644
736.0,0.015054393456119287
735.0,0.017378591014736343
734.0,0.019742798694096855
733.0,0.02219477961520528
732.0,0.024814263496892343
731.0,0.027653520123094653
730.0,0.030776584952820957
729.0,0.03428057267648599
728.0,0.038191050726910376
727.0,0.042361908309300936
726.0,0.04651482302587194
725.0,0.050296495066601235
724.0,0.05325223148438191
723.0,0.05490227135600581
722.0,0.05499510599588871
721.0,0.05364773594155611
720.0,0.05122296949001898
719.0,0.048162441172059645
718.0,0.04489172315494522
717.0,0.04172889331479432
716.0,0.038841868913222416
715.0,0.03631259908062842
714.0,0.03420705144524312
713.0,0.032536598613496025
712.0,0.031184346104775662
711.0,0.029959222061040458
710.0,0.028754201495731782
709.0,0.02760406273509533
708.0,0.026577371628020686
707.0,0.025673557098003945
706.0,0.024842981776670575
705.0,0.024045545113683696
704.0,0.02325602312966913
703.0,0.022459146581447112
702.0,0.021668199924900544
701.0,0.020905572994251567
700.0,0.02015135165245932
699.0,0.019359120969896483
698.0,0.01853576319709095
697.0,0.017751693653071325
696.0,0.017051259353592675
695.0,0.01640949517980328
694.0,0.015794783346628705
693.0,0.015216963665285708
692.0,0.014696269998774124
691.0,0.014235715859455683
690.0,0.013845992229388766
689.0,0.013547178294506468
688.0,0.013319882141525213
687.0,0.013115393608534066
686.0,0.012933481067954347
685.0,0.012813769640724483
684.0,0.012742033734734662
683.0,0.01264891759711162
682.0,0.0125114593950761
681.0,0.012374549234310334
680.0,0.012259393119022938
679.0,0.012127986245389175
678.0,0.011954950935326003
677.0,0.01175770723559326
676.0,0.011538607749316303
675.0,0.011276303889655816
674.0,0.010999137494291496
673.0,0.010780627952978745
672.0,0.010623889284585339
671.0,0.010451553464162697
670.0,0.010208401047430815
669.0,0.009963489365558187
668.0,0.00981960186692444
667.0,0.00977397577552213
666.0,0.009736246769877749
665.0,0.009636181713161877
664.0,0.009491442471539817
663.0,0.00931372259219837
662.0,0.009097341842852089
661.0,0.008883950803378553
660.0,0.008727130484764895
659.0,0.008631884230994008
658.0,0.00855708310463623
657.0,0.008456392474192595
656.0,0.008296518185779284
655.0,0.008079618017517949
654.0,0.007868289526853728
653.0,0.007728854174677023
652.0,0.0076415857397536605
651.0,0.007536500617469487
650.0,0.00741213934842163
649.0,0.0073307260580728895
648.0,0.007290428127158764
647.0,0.007211522424660874
646.0,0.00707688842984492
645.0,0.00696662122866059
644.0,0.0069185318042354685
643.0,0.006866586158132161
642.0,0.006753416209576361
641.0,0.006605821396422996
640.0,0.006450692441297069
639.0,0.0062541490610728764
638.0,0.006007495624594371
637.0,0.00579813085558982
636.0,0.005743013971325317
635.0,0.005898664877447675
634.0,0.00623465024623248
633.0,0.006626840776634647
632.0,0.006868756372848277
631.0,0.00678470770536372
630.0,0.006402385334696302
629.0,0.005928945037857403
628.0,0.005522547625768953
627.0,0.005200711047857159
626.0,0.004965969299981443
625.0,0.00486740203416345
624.0,0.004890609582380884
623.0,0.004920180482176649
622.0,0.0048867271460536765
621.0,0.0048393475338745495
620.0,0.004816296532082681
619.0,0.004769482405724723
618.0,0.00467882263704391
617.0,0.004612536182103721
616.0,0.00459023147821698
615.0,0.004530804401160084
614.0,0.004415374608570645
613.0,0.004342886259605952
612.0,0.004362827681230627
611.0,0.004392873895230395
610.0,0.004370408153786497
609.0,0.004355022369002988
608.0,0.004394035970286411
607.0,0.004424921982351317
606.0,0.004402908079297184
605.0,0.004381607276579436
604.0,0.004376836253142474
603.0,0.0043189930262017215
602.0,0.004225639182556293
601.0,0.004233480894675616
600.0,0.004365418401943488
